-- =============================================================
-- Dummy-Daten
-- Reihenfolge: nutzer -> adresse -> rolle -> nutzer_rolle ->
--              autor -> genre -> buch -> buch_autor ->
--              buch_genre -> exemplar
-- =============================================================

SET DEFINE OFF

-- =============================================================
-- 1. NUTZER (30 Einträge)
-- =============================================================

INSERT INTO nutzer (nutzer_id, vorname, nachname, email, passwort_hash, telefon, whatsapp, email_bestaetigt) VALUES (1, 'Anna',      'Müller',     'anna.mueller@example.de',     'hash_001', '0211 123456',  '+49 211 123456',  1);
INSERT INTO nutzer (nutzer_id, vorname, nachname, email, passwort_hash, telefon, whatsapp, email_bestaetigt) VALUES (2, 'Ben',       'Schmidt',    'ben.schmidt@example.de',      'hash_002', '030 987654',   '+49 30 987654',   1);
INSERT INTO nutzer (nutzer_id, vorname, nachname, email, passwort_hash, telefon, whatsapp, email_bestaetigt) VALUES (3, 'Clara',     'Schneider',  'clara.schneider@example.de',  'hash_003', '089 456789',   NULL,              1);
INSERT INTO nutzer (nutzer_id, vorname, nachname, email, passwort_hash, telefon, whatsapp, email_bestaetigt) VALUES (4, 'David',     'Fischer',    'david.fischer@example.de',    'hash_004', NULL,           '+49 40 112233',   1);
INSERT INTO nutzer (nutzer_id, vorname, nachname, email, passwort_hash, telefon, whatsapp, email_bestaetigt) VALUES (5, 'Eva',       'Weber',      'eva.weber@example.de',        'hash_005', '0221 334455',  '+49 221 334455',  1);
INSERT INTO nutzer (nutzer_id, vorname, nachname, email, passwort_hash, telefon, whatsapp, email_bestaetigt) VALUES (6, 'Felix',     'Meyer',      'felix.meyer@example.de',      'hash_006', '0711 667788',  NULL,              1);
INSERT INTO nutzer (nutzer_id, vorname, nachname, email, passwort_hash, telefon, whatsapp, email_bestaetigt) VALUES (7, 'Greta',     'Wagner',     'greta.wagner@example.de',     'hash_007', '0351 998877',  '+49 351 998877',  1);
INSERT INTO nutzer (nutzer_id, vorname, nachname, email, passwort_hash, telefon, whatsapp, email_bestaetigt) VALUES (8, 'Hans',      'Becker',     'hans.becker@example.de',      'hash_008', NULL,           '+49 69 445566',   1);
INSERT INTO nutzer (nutzer_id, vorname, nachname, email, passwort_hash, telefon, whatsapp, email_bestaetigt) VALUES (9, 'Ina',       'Schulz',     'ina.schulz@example.de',       'hash_009', '0931 556677',  '+49 931 556677',  1);
INSERT INTO nutzer (nutzer_id, vorname, nachname, email, passwort_hash, telefon, whatsapp, email_bestaetigt) VALUES (10, 'Jan',       'Hoffmann',   'jan.hoffmann@example.de',     'hash_010', '0341 778899',  NULL,              1);
INSERT INTO nutzer (nutzer_id, vorname, nachname, email, passwort_hash, telefon, whatsapp, email_bestaetigt) VALUES (11, 'Karin',     'Schäfer',    'karin.schaefer@example.de',   'hash_011', NULL,           '+49 511 334455',  1);
INSERT INTO nutzer (nutzer_id, vorname, nachname, email, passwort_hash, telefon, whatsapp, email_bestaetigt) VALUES (12, 'Lars',      'Koch',       'lars.koch@example.de',        'hash_012', '040 223344',   '+49 40 223344',   1);
INSERT INTO nutzer (nutzer_id, vorname, nachname, email, passwort_hash, telefon, whatsapp, email_bestaetigt) VALUES (13, 'Maria',     'Bauer',      'maria.bauer@example.de',      'hash_013', '0201 445566',  '+49 201 445566',  1);
INSERT INTO nutzer (nutzer_id, vorname, nachname, email, passwort_hash, telefon, whatsapp, email_bestaetigt) VALUES (14, 'Nico',      'Richter',    'nico.richter@example.de',     'hash_014', '069 667788',   NULL,              1);
INSERT INTO nutzer (nutzer_id, vorname, nachname, email, passwort_hash, telefon, whatsapp, email_bestaetigt) VALUES (15, 'Olga',      'Klein',      'olga.klein@example.de',       'hash_015', NULL,           '+49 89 778899',   1);
INSERT INTO nutzer (nutzer_id, vorname, nachname, email, passwort_hash, telefon, whatsapp, email_bestaetigt) VALUES (16, 'Paul',      'Wolf',       'paul.wolf@example.de',        'hash_016', '0231 889900',  '+49 231 889900',  1);
INSERT INTO nutzer (nutzer_id, vorname, nachname, email, passwort_hash, telefon, whatsapp, email_bestaetigt) VALUES (17, 'Queenie',   'Schröder',   'queenie.schroeder@example.de','hash_017', '0911 001122',  NULL,              1);
INSERT INTO nutzer (nutzer_id, vorname, nachname, email, passwort_hash, telefon, whatsapp, email_bestaetigt) VALUES (18, 'Robert',    'Neumann',    'robert.neumann@example.de',   'hash_018', NULL,           '+49 30 112233',   1);
INSERT INTO nutzer (nutzer_id, vorname, nachname, email, passwort_hash, telefon, whatsapp, email_bestaetigt) VALUES (19, 'Sara',      'Schwarz',    'sara.schwarz@example.de',     'hash_019', '0721 223344',  '+49 721 223344',  1);
INSERT INTO nutzer (nutzer_id, vorname, nachname, email, passwort_hash, telefon, whatsapp, email_bestaetigt) VALUES (20, 'Thomas',    'Zimmermann', 'thomas.zimmermann@example.de','hash_020', '0511 334455',  '+49 511 334455',  1);
INSERT INTO nutzer (nutzer_id, vorname, nachname, email, passwort_hash, telefon, whatsapp, email_bestaetigt) VALUES (21, 'Ursula',    'Braun',      'ursula.braun@example.de',     'hash_021', '0391 445566',  NULL,              1);
INSERT INTO nutzer (nutzer_id, vorname, nachname, email, passwort_hash, telefon, whatsapp, email_bestaetigt) VALUES (22, 'Viktor',    'Krüger',     'viktor.krueger@example.de',   'hash_022', '0421 556677',  '+49 421 556677',  1);
INSERT INTO nutzer (nutzer_id, vorname, nachname, email, passwort_hash, telefon, whatsapp, email_bestaetigt) VALUES (23, 'Wendy',     'Hartmann',   'wendy.hartmann@example.de',   'hash_023', NULL,           '+49 211 667788',  1);
INSERT INTO nutzer (nutzer_id, vorname, nachname, email, passwort_hash, telefon, whatsapp, email_bestaetigt) VALUES (24, 'Xaver',     'Lange',      'xaver.lange@example.de',      'hash_024', '0681 778899',  '+49 681 778899',  1);
INSERT INTO nutzer (nutzer_id, vorname, nachname, email, passwort_hash, telefon, whatsapp, email_bestaetigt) VALUES (25, 'Yvonne',    'Schmitt',    'yvonne.schmitt@example.de',   'hash_025', '0761 889900',  NULL,              1);
INSERT INTO nutzer (nutzer_id, vorname, nachname, email, passwort_hash, telefon, whatsapp, email_bestaetigt) VALUES (26, 'Zacharias', 'Werner',     'zacharias.werner@example.de', 'hash_026', '0821 990011',  '+49 821 990011',  1);
INSERT INTO nutzer (nutzer_id, vorname, nachname, email, passwort_hash, telefon, whatsapp, email_bestaetigt) VALUES (27, 'Alma',      'Peters',     'alma.peters@example.de',      'hash_027', '0471 112233',  '+49 471 112233',  1);
INSERT INTO nutzer (nutzer_id, vorname, nachname, email, passwort_hash, telefon, whatsapp, email_bestaetigt) VALUES (28, 'Bruno',     'Krause',     'bruno.krause@example.de',     'hash_028', NULL,           '+49 531 223344',  1);
INSERT INTO nutzer (nutzer_id, vorname, nachname, email, passwort_hash, telefon, whatsapp, email_bestaetigt) VALUES (29, 'Celine',    'Lehmann',    'celine.lehmann@example.de',   'hash_029', '0551 334455',  '+49 551 334455',  1);
INSERT INTO nutzer (nutzer_id, vorname, nachname, email, passwort_hash, telefon, whatsapp, email_bestaetigt) VALUES (30, 'Dirk',      'Köhler',     'dirk.koehler@example.de',     'hash_030', '02133 445566', '+49 2133 445566', 1);

COMMIT;


-- =============================================================
-- 2. ADRESSEN
-- Verteilung: nutzer_id 1-15 je 1 Adresse (15)
--             nutzer_id 16-23 je 2 Adressen (16)
--             nutzer_id 24: 3, 25: 4, 26: 5, 27: 6 Adressen
--             nutzer_id 28-30: keine Exemplare, aber Adressen
-- =============================================================

-- 1 Adresse je (nutzer 1-15)
INSERT INTO adresse (adresse_id, nutzer_id, strasse, hausnummer, plz, stadt, breitengrad, laengengrad, ist_standard) VALUES (1, 1,  'Hauptstraße',      '12',  '10115', 'Berlin',          52.523403,  13.411400,  1);
INSERT INTO adresse (adresse_id, nutzer_id, strasse, hausnummer, plz, stadt, breitengrad, laengengrad, ist_standard) VALUES (2, 2,  'Bahnhofstraße',    '3',   '20095', 'Hamburg',         53.553406,  10.006168,  1);
INSERT INTO adresse (adresse_id, nutzer_id, strasse, hausnummer, plz, stadt, breitengrad, laengengrad, ist_standard) VALUES (3, 3,  'Gartenweg',        '7a',  '80331', 'München',         48.136957,  11.576480,  1);
INSERT INTO adresse (adresse_id, nutzer_id, strasse, hausnummer, plz, stadt, breitengrad, laengengrad, ist_standard) VALUES (4, 4,  'Lindenallee',      '22',  '50667', 'Köln',            50.938361,   6.959974,  1);
INSERT INTO adresse (adresse_id, nutzer_id, strasse, hausnummer, plz, stadt, breitengrad, laengengrad, ist_standard) VALUES (5, 5,  'Schillerstraße',   '5',   '60311', 'Frankfurt',       50.110924,   8.682127,  1);
INSERT INTO adresse (adresse_id, nutzer_id, strasse, hausnummer, plz, stadt, breitengrad, laengengrad, ist_standard) VALUES (6, 6,  'Rosenweg',         '11',  '70173', 'Stuttgart',       48.775846,   9.182932,  1);
INSERT INTO adresse (adresse_id, nutzer_id, strasse, hausnummer, plz, stadt, breitengrad, laengengrad, ist_standard) VALUES (7, 7,  'Kirchgasse',       '8',   '40213', 'Düsseldorf',      51.227741,   6.773456,  1);
INSERT INTO adresse (adresse_id, nutzer_id, strasse, hausnummer, plz, stadt, breitengrad, laengengrad, ist_standard) VALUES (8, 8,  'Poststraße',       '14',  '04109', 'Leipzig',         51.339695,  12.373075,  1);
INSERT INTO adresse (adresse_id, nutzer_id, strasse, hausnummer, plz, stadt, breitengrad, laengengrad, ist_standard) VALUES (9, 9,  'Mozartstraße',     '2',   '01067', 'Dresden',         51.050409,  13.737262,  1);
INSERT INTO adresse (adresse_id, nutzer_id, strasse, hausnummer, plz, stadt, breitengrad, laengengrad, ist_standard) VALUES (10, 10, 'Beethovenstraße',  '19',  '30159', 'Hannover',        52.374444,   9.738611,  1);
INSERT INTO adresse (adresse_id, nutzer_id, strasse, hausnummer, plz, stadt, breitengrad, laengengrad, ist_standard) VALUES (11, 11, 'Friedrichstraße',  '31',  '28195', 'Bremen',          53.075878,   8.807311,  1);
INSERT INTO adresse (adresse_id, nutzer_id, strasse, hausnummer, plz, stadt, breitengrad, laengengrad, ist_standard) VALUES (12, 12, 'Bergstraße',       '6',   '44135', 'Dortmund',        51.514244,   7.468429,  1);
INSERT INTO adresse (adresse_id, nutzer_id, strasse, hausnummer, plz, stadt, breitengrad, laengengrad, ist_standard) VALUES (13, 13, 'Parkweg',          '17',  '45127', 'Essen',           51.455643,   7.011555,  1);
INSERT INTO adresse (adresse_id, nutzer_id, strasse, hausnummer, plz, stadt, breitengrad, laengengrad, ist_standard) VALUES (14, 14, 'Waldstraße',       '4',   '90402', 'Nürnberg',        49.452030,  11.076750,  1);
INSERT INTO adresse (adresse_id, nutzer_id, strasse, hausnummer, plz, stadt, breitengrad, laengengrad, ist_standard) VALUES (15, 15, 'Seestraße',        '9',   '86150', 'Augsburg',        48.370544,  10.897790,  1);

-- 2 Adressen je (nutzer 16-23)
INSERT INTO adresse (adresse_id, nutzer_id, strasse, hausnummer, plz, stadt, breitengrad, laengengrad, ist_standard, ist_rechnungsadresse) VALUES (16, 16, 'Tulpenweg',        '3',   '47051', 'Duisburg',        51.434050,   6.762329,  1, 0);
INSERT INTO adresse (adresse_id, nutzer_id, strasse, hausnummer, plz, stadt, breitengrad, laengengrad, ist_standard, ist_rechnungsadresse) VALUES (17, 16, 'Mühlenstraße',     '7',   '47051', 'Duisburg',        51.430120,   6.758900,  0, 1);
INSERT INTO adresse (adresse_id, nutzer_id, strasse, hausnummer, plz, stadt, breitengrad, laengengrad, ist_standard, ist_rechnungsadresse) VALUES (18, 17, 'Kastanienallee',   '12',  '45879', 'Gelsenkirchen',   51.517744,   7.085717,  1, 0);
INSERT INTO adresse (adresse_id, nutzer_id, strasse, hausnummer, plz, stadt, breitengrad, laengengrad, ist_standard, ist_rechnungsadresse) VALUES (19, 17, 'Industriestraße',  '5',   '45879', 'Gelsenkirchen',   51.513200,   7.089100,  0, 1);
INSERT INTO adresse (adresse_id, nutzer_id, strasse, hausnummer, plz, stadt, breitengrad, laengengrad, ist_standard, ist_rechnungsadresse) VALUES (20, 18, 'Ahornstraße',      '21',  '53111', 'Bonn',            50.733992,   7.099724,  1, 0);
INSERT INTO adresse (adresse_id, nutzer_id, strasse, hausnummer, plz, stadt, breitengrad, laengengrad, ist_standard, ist_rechnungsadresse) VALUES (21, 18, 'Rheinufer',        '1',   '53111', 'Bonn',            50.730000,   7.101000,  0, 1);
INSERT INTO adresse (adresse_id, nutzer_id, strasse, hausnummer, plz, stadt, breitengrad, laengengrad, ist_standard, ist_rechnungsadresse) VALUES (22, 19, 'Blumenstraße',     '8',   '68159', 'Mannheim',        49.487459,   8.466039,  1, 0);
INSERT INTO adresse (adresse_id, nutzer_id, strasse, hausnummer, plz, stadt, breitengrad, laengengrad, ist_standard, ist_rechnungsadresse) VALUES (23, 19, 'Marktplatz',       '2',   '68159', 'Mannheim',        49.488500,   8.468200,  0, 1);
INSERT INTO adresse (adresse_id, nutzer_id, strasse, hausnummer, plz, stadt, breitengrad, laengengrad, ist_standard, ist_rechnungsadresse) VALUES (24, 20, 'Uhlandstraße',     '15',  '76133', 'Karlsruhe',       49.006889,   8.403653,  1, 0);
INSERT INTO adresse (adresse_id, nutzer_id, strasse, hausnummer, plz, stadt, breitengrad, laengengrad, ist_standard, ist_rechnungsadresse) VALUES (25, 20, 'Kaiserstraße',     '33',  '76133', 'Karlsruhe',       49.009200,   8.406800,  0, 1);
INSERT INTO adresse (adresse_id, nutzer_id, strasse, hausnummer, plz, stadt, breitengrad, laengengrad, ist_standard, ist_rechnungsadresse) VALUES (26, 21, 'Fichtenweg',       '6',   '79098', 'Freiburg',        47.995495,   7.851980,  1, 0);
INSERT INTO adresse (adresse_id, nutzer_id, strasse, hausnummer, plz, stadt, breitengrad, laengengrad, ist_standard, ist_rechnungsadresse) VALUES (27, 21, 'Bertoldstraße',    '10',  '79098', 'Freiburg',        47.997100,   7.854300,  0, 1);
INSERT INTO adresse (adresse_id, nutzer_id, strasse, hausnummer, plz, stadt, breitengrad, laengengrad, ist_standard, ist_rechnungsadresse) VALUES (28, 22, 'Schloßstraße',     '4',   '39104', 'Magdeburg',       52.130547,  11.628203,  1, 0);
INSERT INTO adresse (adresse_id, nutzer_id, strasse, hausnummer, plz, stadt, breitengrad, laengengrad, ist_standard, ist_rechnungsadresse) VALUES (29, 22, 'Breiter Weg',      '18',  '39104', 'Magdeburg',       52.132100,  11.630500,  0, 1);
INSERT INTO adresse (adresse_id, nutzer_id, strasse, hausnummer, plz, stadt, breitengrad, laengengrad, ist_standard, ist_rechnungsadresse) VALUES (30, 23, 'Domplatz',         '1',   '06108', 'Halle',           51.482780,  11.969400,  1, 0);
INSERT INTO adresse (adresse_id, nutzer_id, strasse, hausnummer, plz, stadt, breitengrad, laengengrad, ist_standard, ist_rechnungsadresse) VALUES (31, 23, 'Große Steinstraße','9',   '06108', 'Halle',           51.480900,  11.971200,  0, 1);

-- Nutzer 24: 3 Adressen
INSERT INTO adresse (adresse_id, nutzer_id, strasse, hausnummer, plz, stadt, breitengrad, laengengrad, ist_standard) VALUES (32, 24, 'Neumarkt',         '5',   '99084', 'Erfurt',          50.978590,  11.029880,  1);
INSERT INTO adresse (adresse_id, nutzer_id, strasse, hausnummer, plz, stadt, breitengrad, laengengrad, ist_standard) VALUES (33, 24, 'Anger',            '11',  '99084', 'Erfurt',          50.976200,  11.031500,  0);
INSERT INTO adresse (adresse_id, nutzer_id, strasse, hausnummer, plz, stadt, breitengrad, laengengrad, ist_standard) VALUES (34, 24, 'Juri-Gagarin-Ring','3',   '99084', 'Erfurt',          50.979800,  11.027300,  0);

-- Nutzer 25: 4 Adressen
INSERT INTO adresse (adresse_id, nutzer_id, strasse, hausnummer, plz, stadt, breitengrad, laengengrad, ist_standard) VALUES (35, 25, 'Kröpeliner Straße','20',  '18055', 'Rostock',         54.088860,  12.140760,  1);
INSERT INTO adresse (adresse_id, nutzer_id, strasse, hausnummer, plz, stadt, breitengrad, laengengrad, ist_standard) VALUES (36, 25, 'Steinstraße',      '7',   '18055', 'Rostock',         54.090100,  12.142300,  0);
INSERT INTO adresse (adresse_id, nutzer_id, strasse, hausnummer, plz, stadt, breitengrad, laengengrad, ist_standard) VALUES (37, 25, 'Doberaner Platz',  '2',   '18055', 'Rostock',         54.087500,  12.138900,  0);
INSERT INTO adresse (adresse_id, nutzer_id, strasse, hausnummer, plz, stadt, breitengrad, laengengrad, ist_standard) VALUES (38, 25, 'Barnstorfer Weg',  '14',  '18057', 'Rostock',         54.083200,  12.119800,  0);

-- Nutzer 26: 5 Adressen
INSERT INTO adresse (adresse_id, nutzer_id, strasse, hausnummer, plz, stadt, breitengrad, laengengrad, ist_standard) VALUES (39, 26, 'Holstenstraße',    '6',   '24103', 'Kiel',            54.323293,  10.122765,  1);
INSERT INTO adresse (adresse_id, nutzer_id, strasse, hausnummer, plz, stadt, breitengrad, laengengrad, ist_standard) VALUES (40, 26, 'Sophienblatt',     '3',   '24103', 'Kiel',            54.321800,  10.124200,  0);
INSERT INTO adresse (adresse_id, nutzer_id, strasse, hausnummer, plz, stadt, breitengrad, laengengrad, ist_standard) VALUES (41, 26, 'Kaistraße',        '9',   '24103', 'Kiel',            54.325100,  10.120900,  0);
INSERT INTO adresse (adresse_id, nutzer_id, strasse, hausnummer, plz, stadt, breitengrad, laengengrad, ist_standard) VALUES (42, 26, 'Ringstraße',       '12',  '24103', 'Kiel',            54.319700,  10.126400,  0);
INSERT INTO adresse (adresse_id, nutzer_id, strasse, hausnummer, plz, stadt, breitengrad, laengengrad, ist_standard) VALUES (43, 26, 'Waisenhofstraße',  '1',   '24103', 'Kiel',            54.322500,  10.121800,  0);

-- Nutzer 27: 6 Adressen
INSERT INTO adresse (adresse_id, nutzer_id, strasse, hausnummer, plz, stadt, breitengrad, laengengrad, ist_standard) VALUES (44, 27, 'Breite Straße',    '8',   '23552', 'Lübeck',          53.866444,  10.686462,  1);
INSERT INTO adresse (adresse_id, nutzer_id, strasse, hausnummer, plz, stadt, breitengrad, laengengrad, ist_standard) VALUES (45, 27, 'Königstraße',      '15',  '23552', 'Lübeck',          53.868100,  10.688300,  0);
INSERT INTO adresse (adresse_id, nutzer_id, strasse, hausnummer, plz, stadt, breitengrad, laengengrad, ist_standard) VALUES (46, 27, 'Hüxstraße',        '4',   '23552', 'Lübeck',          53.864900,  10.684700,  0);
INSERT INTO adresse (adresse_id, nutzer_id, strasse, hausnummer, plz, stadt, breitengrad, laengengrad, ist_standard) VALUES (47, 27, 'Sandstraße',       '22',  '23552', 'Lübeck',          53.865700,  10.690100,  0);
INSERT INTO adresse (adresse_id, nutzer_id, strasse, hausnummer, plz, stadt, breitengrad, laengengrad, ist_standard) VALUES (48, 27, 'Wahmstraße',       '6',   '23552', 'Lübeck',          53.867300,  10.687500,  0);
INSERT INTO adresse (adresse_id, nutzer_id, strasse, hausnummer, plz, stadt, breitengrad, laengengrad, ist_standard) VALUES (49, 27, 'Fleischhauerstraße','19', '23552', 'Lübeck',          53.863900,  10.685200,  0);

-- Nutzer 28-30
INSERT INTO adresse (adresse_id, nutzer_id, strasse, hausnummer, plz, stadt, breitengrad, laengengrad, ist_standard) VALUES (50, 28, 'Marktstraße',      '3',   '41061', 'Mönchengladbach', 51.194760,   6.435220,  1);
INSERT INTO adresse (adresse_id, nutzer_id, strasse, hausnummer, plz, stadt, breitengrad, laengengrad, ist_standard) VALUES (51, 29, 'Elisabethstraße',  '7',   '52062', 'Aachen',          50.775346,   6.083887,  1);
INSERT INTO adresse (adresse_id, nutzer_id, strasse, hausnummer, plz, stadt, breitengrad, laengengrad, ist_standard) VALUES (52, 30, 'Rheinstraße',      '11',  '47798', 'Krefeld',         51.335896,   6.585320,  1);

COMMIT;


-- =============================================================
-- 3. ROLLEN
-- =============================================================

INSERT INTO rolle (rolle_id, rollenname) VALUES (1, 'LEIHER');
INSERT INTO rolle (rolle_id, rollenname) VALUES (2, 'VERLEIHER');
INSERT INTO rolle (rolle_id, rollenname) VALUES (3, 'PFLEGER');
INSERT INTO rolle (rolle_id, rollenname) VALUES (4, 'ADMIN');

COMMIT;


-- =============================================================
-- 4. NUTZER_ROLLE
-- Nutzer 1-27: LEIHER + VERLEIHER
-- Nutzer 28-30: nur LEIHER (keine Exemplare)
-- Nutzer 30: auch ADMIN
-- Nutzer 29: auch PFLEGER
-- =============================================================

-- LEIHER + VERLEIHER für nutzer 1-27
INSERT INTO nutzer_rolle (nutzer_id, rolle_id) VALUES (1,  1); INSERT INTO nutzer_rolle (nutzer_id, rolle_id) VALUES (1,  2);
INSERT INTO nutzer_rolle (nutzer_id, rolle_id) VALUES (2,  1); INSERT INTO nutzer_rolle (nutzer_id, rolle_id) VALUES (2,  2);
INSERT INTO nutzer_rolle (nutzer_id, rolle_id) VALUES (3,  1); INSERT INTO nutzer_rolle (nutzer_id, rolle_id) VALUES (3,  2);
INSERT INTO nutzer_rolle (nutzer_id, rolle_id) VALUES (4,  1); INSERT INTO nutzer_rolle (nutzer_id, rolle_id) VALUES (4,  2);
INSERT INTO nutzer_rolle (nutzer_id, rolle_id) VALUES (5,  1); INSERT INTO nutzer_rolle (nutzer_id, rolle_id) VALUES (5,  2);
INSERT INTO nutzer_rolle (nutzer_id, rolle_id) VALUES (6,  1); INSERT INTO nutzer_rolle (nutzer_id, rolle_id) VALUES (6,  2);
INSERT INTO nutzer_rolle (nutzer_id, rolle_id) VALUES (7,  1); INSERT INTO nutzer_rolle (nutzer_id, rolle_id) VALUES (7,  2);
INSERT INTO nutzer_rolle (nutzer_id, rolle_id) VALUES (8,  1); INSERT INTO nutzer_rolle (nutzer_id, rolle_id) VALUES (8,  2);
INSERT INTO nutzer_rolle (nutzer_id, rolle_id) VALUES (9,  1); INSERT INTO nutzer_rolle (nutzer_id, rolle_id) VALUES (9,  2);
INSERT INTO nutzer_rolle (nutzer_id, rolle_id) VALUES (10, 1); INSERT INTO nutzer_rolle (nutzer_id, rolle_id) VALUES (10, 2);
INSERT INTO nutzer_rolle (nutzer_id, rolle_id) VALUES (11, 1); INSERT INTO nutzer_rolle (nutzer_id, rolle_id) VALUES (11, 2);
INSERT INTO nutzer_rolle (nutzer_id, rolle_id) VALUES (12, 1); INSERT INTO nutzer_rolle (nutzer_id, rolle_id) VALUES (12, 2);
INSERT INTO nutzer_rolle (nutzer_id, rolle_id) VALUES (13, 1); INSERT INTO nutzer_rolle (nutzer_id, rolle_id) VALUES (13, 2);
INSERT INTO nutzer_rolle (nutzer_id, rolle_id) VALUES (14, 1); INSERT INTO nutzer_rolle (nutzer_id, rolle_id) VALUES (14, 2);
INSERT INTO nutzer_rolle (nutzer_id, rolle_id) VALUES (15, 1); INSERT INTO nutzer_rolle (nutzer_id, rolle_id) VALUES (15, 2);
INSERT INTO nutzer_rolle (nutzer_id, rolle_id) VALUES (16, 1); INSERT INTO nutzer_rolle (nutzer_id, rolle_id) VALUES (16, 2);
INSERT INTO nutzer_rolle (nutzer_id, rolle_id) VALUES (17, 1); INSERT INTO nutzer_rolle (nutzer_id, rolle_id) VALUES (17, 2);
INSERT INTO nutzer_rolle (nutzer_id, rolle_id) VALUES (18, 1); INSERT INTO nutzer_rolle (nutzer_id, rolle_id) VALUES (18, 2);
INSERT INTO nutzer_rolle (nutzer_id, rolle_id) VALUES (19, 1); INSERT INTO nutzer_rolle (nutzer_id, rolle_id) VALUES (19, 2);
INSERT INTO nutzer_rolle (nutzer_id, rolle_id) VALUES (20, 1); INSERT INTO nutzer_rolle (nutzer_id, rolle_id) VALUES (20, 2);
INSERT INTO nutzer_rolle (nutzer_id, rolle_id) VALUES (21, 1); INSERT INTO nutzer_rolle (nutzer_id, rolle_id) VALUES (21, 2);
INSERT INTO nutzer_rolle (nutzer_id, rolle_id) VALUES (22, 1); INSERT INTO nutzer_rolle (nutzer_id, rolle_id) VALUES (22, 2);
INSERT INTO nutzer_rolle (nutzer_id, rolle_id) VALUES (23, 1); INSERT INTO nutzer_rolle (nutzer_id, rolle_id) VALUES (23, 2);
INSERT INTO nutzer_rolle (nutzer_id, rolle_id) VALUES (24, 1); INSERT INTO nutzer_rolle (nutzer_id, rolle_id) VALUES (24, 2);
INSERT INTO nutzer_rolle (nutzer_id, rolle_id) VALUES (25, 1); INSERT INTO nutzer_rolle (nutzer_id, rolle_id) VALUES (25, 2);
INSERT INTO nutzer_rolle (nutzer_id, rolle_id) VALUES (26, 1); INSERT INTO nutzer_rolle (nutzer_id, rolle_id) VALUES (26, 2);
INSERT INTO nutzer_rolle (nutzer_id, rolle_id) VALUES (27, 1); INSERT INTO nutzer_rolle (nutzer_id, rolle_id) VALUES (27, 2);

-- Nur LEIHER für nutzer 28-30
INSERT INTO nutzer_rolle (nutzer_id, rolle_id) VALUES (28, 1);
INSERT INTO nutzer_rolle (nutzer_id, rolle_id) VALUES (29, 1);
INSERT INTO nutzer_rolle (nutzer_id, rolle_id) VALUES (30, 1);

-- Sonderrollen
INSERT INTO nutzer_rolle (nutzer_id, rolle_id) VALUES (29, 3); -- PFLEGER
INSERT INTO nutzer_rolle (nutzer_id, rolle_id) VALUES (30, 4); -- ADMIN

COMMIT;


-- =============================================================
-- 5. AUTOREN
-- =============================================================

INSERT INTO autor (autor_id, vorname, nachname, land, beschreibung) VALUES (1, 'Jenny', 'Han', 'United States', 'American writer (born 1980)');
INSERT INTO autor (autor_id, vorname, nachname, land, beschreibung) VALUES (2, 'Oscar', 'Wilde', 'United Kingdom of Great Britain and Ireland', 'Irish poet, playwright, and aesthete (1854-1900)');
INSERT INTO autor (autor_id, vorname, nachname, land, beschreibung) VALUES (3, 'Tahereh', 'Mafi', 'United States', 'Iranian-American author');
INSERT INTO autor (autor_id, vorname, nachname, land, beschreibung) VALUES (4, 'Alex', 'Michaelides', NULL, 'author and screenwriter');
INSERT INTO autor (autor_id, vorname, nachname, land, beschreibung) VALUES (5, 'Holly', 'Black', 'United States', 'American children''s fiction writer');
INSERT INTO autor (autor_id, vorname, nachname, land, beschreibung) VALUES (6, 'Jeff', 'Kinney', NULL, NULL);
INSERT INTO autor (autor_id, vorname, nachname, land, beschreibung) VALUES (7, 'Colleen', 'Hoover', 'United States', 'American author');
INSERT INTO autor (autor_id, vorname, nachname, land, beschreibung) VALUES (8, 'H. G.', 'Wells', 'United Kingdom of Great Britain and Ireland', 'English writer (1866–1946)');
INSERT INTO autor (autor_id, vorname, nachname, land, beschreibung) VALUES (9, 'Casey', 'McQuiston', 'United States', 'American romance novelist');
INSERT INTO autor (autor_id, vorname, nachname, land, beschreibung) VALUES (10, 'Lauren', 'Roberts', 'United States', 'American writer');
INSERT INTO autor (autor_id, vorname, nachname, land, beschreibung) VALUES (11, 'Sheridan Le', 'Fanu', 'British Empire', 'Irish writer of Gothic tales and mystery novels (1814–1873)');
INSERT INTO autor (autor_id, vorname, nachname, land, beschreibung) VALUES (12, 'Dean', 'Koontz', 'United States', 'American writer and screenwriter (born 1945)');
INSERT INTO autor (autor_id, vorname, nachname, land, beschreibung) VALUES (13, 'Emily', 'Brontë', 'United Kingdom of Great Britain and Ireland', 'English novelist and poet (1818–1848)');
INSERT INTO autor (autor_id, vorname, nachname, land, beschreibung) VALUES (14, 'Ursula K. Le', 'Guin', 'United States', 'American fantasy and science fiction author (1929–2018)');
INSERT INTO autor (autor_id, vorname, nachname, land, beschreibung) VALUES (15, 'Adam', 'Silvera', 'United States', 'American author');
INSERT INTO autor (autor_id, vorname, nachname, land, beschreibung) VALUES (16, 'Lucy Maud', 'Montgomery', 'Canada', 'Canadian writer (1874–1942)');
INSERT INTO autor (autor_id, vorname, nachname, land, beschreibung) VALUES (17, 'Nathaniel', 'Hawthorne', 'United States', 'American author (1804–1864)');
INSERT INTO autor (autor_id, vorname, nachname, land, beschreibung) VALUES (18, 'Stephanie', 'Garber', 'United States', 'American author of young adult fiction');
INSERT INTO autor (autor_id, vorname, nachname, land, beschreibung) VALUES (19, 'F. Scott', 'Fitzgerald', 'United States', 'American writer (1896–1940)');
INSERT INTO autor (autor_id, vorname, nachname, land, beschreibung) VALUES (20, 'Edgar Rice', 'Burroughs', 'United States', 'American writer (1875–1950)');
INSERT INTO autor (autor_id, vorname, nachname, land, beschreibung) VALUES (21, 'Mikhail', 'Bulgakov', 'Russian Empire', 'Russian author (1891–1940)');
INSERT INTO autor (autor_id, vorname, nachname, land, beschreibung) VALUES (22, 'Stephen', 'King', 'United States', 'American novelist and writer (born 1947)');
INSERT INTO autor (autor_id, vorname, nachname, land, beschreibung) VALUES (23, 'Albert', 'Camus', 'France', 'French philosopher, author, and journalist (1913–1960)');
INSERT INTO autor (autor_id, vorname, nachname, land, beschreibung) VALUES (24, 'H. D.', 'Carlton', NULL, 'American writer');
INSERT INTO autor (autor_id, vorname, nachname, land, beschreibung) VALUES (25, 'Virginia', 'Woolf', 'United Kingdom', 'English modernist writer (1882–1941)');
INSERT INTO autor (autor_id, vorname, nachname, land, beschreibung) VALUES (26, 'L. Frank', 'Baum', 'United States', 'American author of children''s books (1856–1919)');
INSERT INTO autor (autor_id, vorname, nachname, land, beschreibung) VALUES (27, 'Frances Hodgson', 'Burnett', 'United Kingdom of Great Britain and Ireland', 'English-American playwright and author (1849–1924)');
INSERT INTO autor (autor_id, vorname, nachname, land, beschreibung) VALUES (28, 'Anne', 'Rice', 'United States', 'American writer');
INSERT INTO autor (autor_id, vorname, nachname, land, beschreibung) VALUES (29, 'S. E.', 'Hinton', 'United States', 'American writer');
INSERT INTO autor (autor_id, vorname, nachname, land, beschreibung) VALUES (30, 'Jim', 'Fyfe', NULL, NULL);
INSERT INTO autor (autor_id, vorname, nachname, land, beschreibung) VALUES (31, 'Jodi', 'Picoult', 'United States', 'American author');
INSERT INTO autor (autor_id, vorname, nachname, land, beschreibung) VALUES (32, 'Mary', 'Shelley', 'Kingdom of Great Britain', 'English writer (1797–1851)');
INSERT INTO autor (autor_id, vorname, nachname, land, beschreibung) VALUES (33, 'Ayn', 'Rand', 'statelessness', 'Russian-born American writer and public philosopher (1905–1982)');
INSERT INTO autor (autor_id, vorname, nachname, land, beschreibung) VALUES (34, 'Sophie', 'Bastide-Foltz', NULL, NULL);
INSERT INTO autor (autor_id, vorname, nachname, land, beschreibung) VALUES (35, 'Ayn', 'Rand;', NULL, NULL);
INSERT INTO autor (autor_id, vorname, nachname, land, beschreibung) VALUES (36, 'Adrian', 'Rand', NULL, NULL);
INSERT INTO autor (autor_id, vorname, nachname, land, beschreibung) VALUES (37, 'Ayn', 'Rand', NULL, NULL);
INSERT INTO autor (autor_id, vorname, nachname, land, beschreibung) VALUES (38, 'J. R. R.', 'Tolkien', 'United Kingdom', 'English writer and philologist (1892–1973)');
INSERT INTO autor (autor_id, vorname, nachname, land, beschreibung) VALUES (39, 'Ernest', 'Hemingway', 'United States', 'American author and journalist (1899–1961)');
INSERT INTO autor (autor_id, vorname, nachname, land, beschreibung) VALUES (40, 'Kirby', 'Heyborne', NULL, NULL);
INSERT INTO autor (autor_id, vorname, nachname, land, beschreibung) VALUES (41, 'Colm', 'Tóibín', 'Ireland', 'Irish novelist and writer (born 1955)');
INSERT INTO autor (autor_id, vorname, nachname, land, beschreibung) VALUES (42, 'Holly', 'Jackson', 'United Kingdom', 'British writer');
INSERT INTO autor (autor_id, vorname, nachname, land, beschreibung) VALUES (43, 'Rachel Renee', 'Russell', 'United States', 'American author');
INSERT INTO autor (autor_id, vorname, nachname, land, beschreibung) VALUES (44, 'Palle', 'Vasu', NULL, NULL);
INSERT INTO autor (autor_id, vorname, nachname, land, beschreibung) VALUES (45, 'Arthur Conan', 'Doyle', NULL, NULL);
INSERT INTO autor (autor_id, vorname, nachname, land, beschreibung) VALUES (46, 'Fyodor', 'Dostoyevsky', 'Russian Empire', 'Russian novelist (1821–1881)');
INSERT INTO autor (autor_id, vorname, nachname, land, beschreibung) VALUES (47, 'Jack', 'London', 'United States', 'American author, journalist and social activist (1876–1916)');
INSERT INTO autor (autor_id, vorname, nachname, land, beschreibung) VALUES (48, 'Jane', 'Austen', 'United Kingdom of Great Britain and Ireland', 'English novelist (1775–1817)');
INSERT INTO autor (autor_id, vorname, nachname, land, beschreibung) VALUES (49, 'Agatha', 'Christie', 'United Kingdom of Great Britain and Ireland', 'English mystery and detective writer (1890–1976)');
INSERT INTO autor (autor_id, vorname, nachname, land, beschreibung) VALUES (50, 'Jules', 'Verne', 'France', 'French writer (1828–1905)');
INSERT INTO autor (autor_id, vorname, nachname, land, beschreibung) VALUES (51, 'Diana Wynne', 'Jones', 'United Kingdom', 'English children''s fantasy writer (1934–2011)');
INSERT INTO autor (autor_id, vorname, nachname, land, beschreibung) VALUES (52, 'Franz', 'Kafka', 'Cisleithania', 'Bohemian writer from Prague (1883–1924)');
INSERT INTO autor (autor_id, vorname, nachname, land, beschreibung) VALUES (53, 'Amor', 'Towles', 'United States', 'American novelist');
INSERT INTO autor (autor_id, vorname, nachname, land, beschreibung) VALUES (54, 'Harper', 'Lee', 'United States', 'American novelist (1926–2016)');
INSERT INTO autor (autor_id, vorname, nachname, land, beschreibung) VALUES (55, 'Isaac', 'Asimov', 'Russian Socialist Federative Soviet Republic', 'American writer and biochemist (1920–1992)');
INSERT INTO autor (autor_id, vorname, nachname, land, beschreibung) VALUES (56, 'J. K.', 'Rowling', NULL, NULL);
INSERT INTO autor (autor_id, vorname, nachname, land, beschreibung) VALUES (57, 'Alexandre', 'Dumas', 'France', 'French writer and dramatist (1802–1870)');
INSERT INTO autor (autor_id, vorname, nachname, land, beschreibung) VALUES (58, 'Antoine de', 'Saint-Exupéry', 'France', 'French writer and aviator (1900–1944)');
INSERT INTO autor (autor_id, vorname, nachname, land, beschreibung) VALUES (59, 'William', 'Goldman', 'United States', 'American novelist, screenwriter and playwright (1931-2018)');
INSERT INTO autor (autor_id, vorname, nachname, land, beschreibung) VALUES (60, 'Philip K.', 'Dick', 'United States', 'American science fiction author (1928–1982)');
INSERT INTO autor (autor_id, vorname, nachname, land, beschreibung) VALUES (61, 'Kiera', 'Cass', 'United States', 'American writer of young-adult speculative fiction');
INSERT INTO autor (autor_id, vorname, nachname, land, beschreibung) VALUES (62, 'Frank', 'Herbert', NULL, NULL);
INSERT INTO autor (autor_id, vorname, nachname, land, beschreibung) VALUES (63, 'Robert Louis', 'Stevenson', 'United Kingdom of Great Britain and Ireland', 'Scottish novelist and poet (1850-1894)');
INSERT INTO autor (autor_id, vorname, nachname, land, beschreibung) VALUES (64, 'Jostein', 'Gaarder', 'Norway', 'Norwegian author (born 1952)');
INSERT INTO autor (autor_id, vorname, nachname, land, beschreibung) VALUES (65, 'Charles', 'Dickens', 'United Kingdom of Great Britain and Ireland', 'English novelist and social critic (1812–1870)');
INSERT INTO autor (autor_id, vorname, nachname, land, beschreibung) VALUES (66, 'Margaret', 'Atwood', 'Canada', 'Canadian poet, novelist, literary critic, essayist, teacher, environmental activist, pépiniériste and inventor (born 1939)');
INSERT INTO autor (autor_id, vorname, nachname, land, beschreibung) VALUES (67, 'George', 'Orwell', 'United Kingdom of Great Britain and Ireland', 'British writer and journalist (1903–1950)');
INSERT INTO autor (autor_id, vorname, nachname, land, beschreibung) VALUES (68, 'Hermann', 'Hesse', 'German Empire', 'Nobel Prize winning German-Swiss poet, novelist and painter (1877–1962)');
INSERT INTO autor (autor_id, vorname, nachname, land, beschreibung) VALUES (69, 'Liu', 'Cixin', 'People''s Republic of China', 'Chinese science fiction writer');
INSERT INTO autor (autor_id, vorname, nachname, land, beschreibung) VALUES (70, 'Joe', 'Abercrombie', 'United Kingdom', 'British fantasy writer and film editor (born 1974)');
INSERT INTO autor (autor_id, vorname, nachname, land, beschreibung) VALUES (71, 'Sylvia', 'Plath', 'United States', 'American poet and writer (1932–1963)');
INSERT INTO autor (autor_id, vorname, nachname, land, beschreibung) VALUES (72, 'Mark Z.', 'Danielewski', 'United States', 'American author');
INSERT INTO autor (autor_id, vorname, nachname, land, beschreibung) VALUES (73, 'Bram', 'Stoker', 'United Kingdom of Great Britain and Ireland', 'Irish novelist and short story writer (1847–1912)');
INSERT INTO autor (autor_id, vorname, nachname, land, beschreibung) VALUES (74, 'Judy', 'Blume', 'United States', 'American children''s writer (born 1938)');
INSERT INTO autor (autor_id, vorname, nachname, land, beschreibung) VALUES (75, 'Eleanor H.', 'Porter', 'United States', 'American novelist (1868–1920)');
INSERT INTO autor (autor_id, vorname, nachname, land, beschreibung) VALUES (76, '', 'Porter', NULL, NULL);
INSERT INTO autor (autor_id, vorname, nachname, land, beschreibung) VALUES (77, 'Neil', 'Reed', NULL, NULL);
INSERT INTO autor (autor_id, vorname, nachname, land, beschreibung) VALUES (78, 'Lee', 'Giles', NULL, NULL);
INSERT INTO autor (autor_id, vorname, nachname, land, beschreibung) VALUES (79, 'Richard', 'Adams', 'United Kingdom', 'English novelist best known as the author of Watership Down');
INSERT INTO autor (autor_id, vorname, nachname, land, beschreibung) VALUES (80, 'Octavia E.', 'Butler', 'United States', 'American science fiction writer (1947-2006)');
INSERT INTO autor (autor_id, vorname, nachname, land, beschreibung) VALUES (81, '', 'SparkNotes', NULL, NULL);
INSERT INTO autor (autor_id, vorname, nachname, land, beschreibung) VALUES (82, 'Ray', 'Bradbury', 'United States', 'American author and screenwriter (1920–2012)');
INSERT INTO autor (autor_id, vorname, nachname, land, beschreibung) VALUES (83, 'Shannon', 'Messenger', 'Israel', 'American author');
INSERT INTO autor (autor_id, vorname, nachname, land, beschreibung) VALUES (84, 'Harlan', 'Ellison', 'United States', 'American writer (1934–2018)');
INSERT INTO autor (autor_id, vorname, nachname, land, beschreibung) VALUES (85, 'Dan', 'Brown', 'United States', 'American novelist (born 1964)');
INSERT INTO autor (autor_id, vorname, nachname, land, beschreibung) VALUES (86, 'Neil', 'Gaiman', 'United Kingdom', 'English writer (born 1960)');
INSERT INTO autor (autor_id, vorname, nachname, land, beschreibung) VALUES (87, 'Brandon', 'Sanderson', 'United States', 'American fantasy writer (born 1975)');
INSERT INTO autor (autor_id, vorname, nachname, land, beschreibung) VALUES (88, 'Scott', 'Lynch', 'United States', 'American writer');
INSERT INTO autor (autor_id, vorname, nachname, land, beschreibung) VALUES (89, 'Sarah J.', 'Maas', 'United States', 'American fantasy writer');
INSERT INTO autor (autor_id, vorname, nachname, land, beschreibung) VALUES (90, 'Terry', 'Goodkind', 'United States', 'American novelist (1948–2020)');
INSERT INTO autor (autor_id, vorname, nachname, land, beschreibung) VALUES (91, 'Andrzej', 'Sapkowski', 'Poland', 'Polish novelist (born 1948)');
INSERT INTO autor (autor_id, vorname, nachname, land, beschreibung) VALUES (92, 'Danusia', 'Stok', NULL, NULL);
INSERT INTO autor (autor_id, vorname, nachname, land, beschreibung) VALUES (93, 'R.F.', 'Kuang', 'United States', 'Chinese-American writer');
INSERT INTO autor (autor_id, vorname, nachname, land, beschreibung) VALUES (94, 'Emily Woo', 'Zeller', 'United States', 'Asian-American actor, singer, dancer, and voiceover artist');
INSERT INTO autor (autor_id, vorname, nachname, land, beschreibung) VALUES (95, 'Robert', 'Jordan', 'United States', 'American fantasy writer (1948–2007)');
INSERT INTO autor (autor_id, vorname, nachname, land, beschreibung) VALUES (96, 'Terry', 'Pratchett', 'United Kingdom', 'English fantasy author (1948–2015)');
INSERT INTO autor (autor_id, vorname, nachname, land, beschreibung) VALUES (97, 'Ray', 'Friesen', NULL, NULL);
INSERT INTO autor (autor_id, vorname, nachname, land, beschreibung) VALUES (98, 'George', 'MacDonald', 'United Kingdom of Great Britain and Ireland', 'Scottish writer and Christian minister (1824–1905)');
INSERT INTO autor (autor_id, vorname, nachname, land, beschreibung) VALUES (99, 'R. A.', 'Salvatore', 'United States', 'American writer');
INSERT INTO autor (autor_id, vorname, nachname, land, beschreibung) VALUES (100, 'David', 'Eddings', 'United States', 'American novelist (1931–2009)');
INSERT INTO autor (autor_id, vorname, nachname, land, beschreibung) VALUES (101, 'Steven', 'Erikson', 'Canada', 'Canadian fantasy author');
INSERT INTO autor (autor_id, vorname, nachname, land, beschreibung) VALUES (102, 'Gene', 'Wolfe', 'United States', 'American science fiction and fantasy writer (1931–2019)');
INSERT INTO autor (autor_id, vorname, nachname, land, beschreibung) VALUES (103, 'Robin', 'Hobb', 'United States', 'American fiction writer (pseudonym) (born 1952)');
INSERT INTO autor (autor_id, vorname, nachname, land, beschreibung) VALUES (104, 'David', 'Eddings', NULL, NULL);
INSERT INTO autor (autor_id, vorname, nachname, land, beschreibung) VALUES (105, 'Brent', 'Weeks', 'United States', 'American fiction writer');
INSERT INTO autor (autor_id, vorname, nachname, land, beschreibung) VALUES (106, 'Rebecca', 'Yarros', 'United States', 'American writer');
INSERT INTO autor (autor_id, vorname, nachname, land, beschreibung) VALUES (107, 'Erin', 'Hunter', NULL, 'writers of the Warriors, Seekers, bravelands and Survivors children''s book series (joint pseudonym)');
INSERT INTO autor (autor_id, vorname, nachname, land, beschreibung) VALUES (108, 'Piers', 'Anthony', 'United Kingdom', 'English-American writer in the science fiction and fantasy genres');
INSERT INTO autor (autor_id, vorname, nachname, land, beschreibung) VALUES (109, 'Jeanne', 'DuPrau', 'United States', 'American writer');
INSERT INTO autor (autor_id, vorname, nachname, land, beschreibung) VALUES (110, 'George R. R.', 'Martin', 'United States', 'American writer and television producer (born 1948)');
INSERT INTO autor (autor_id, vorname, nachname, land, beschreibung) VALUES (111, 'Peter S.', 'Beagle', 'United States', 'American writer');
INSERT INTO autor (autor_id, vorname, nachname, land, beschreibung) VALUES (112, 'V. E.', 'Schwab', 'United States', 'American writer');
INSERT INTO autor (autor_id, vorname, nachname, land, beschreibung) VALUES (113, 'Tamsyn', 'Muir', 'New Zealand', 'author of fantasy, science fiction, and horror; most notably Gideon the Ninth');
INSERT INTO autor (autor_id, vorname, nachname, land, beschreibung) VALUES (114, 'C. S.', 'Lewis', 'United Kingdom', 'British writer, lay theologian, and scholar (1898–1963)');
INSERT INTO autor (autor_id, vorname, nachname, land, beschreibung) VALUES (115, 'Jim', 'Butcher', 'United States', 'American author (born 1971)');
INSERT INTO autor (autor_id, vorname, nachname, land, beschreibung) VALUES (116, 'Margaret', 'Weis', 'United States', 'American fantasy novelist (born 1948)');
INSERT INTO autor (autor_id, vorname, nachname, land, beschreibung) VALUES (117, 'Tracy', 'Hickman', 'United States', 'American writer and game designer');
INSERT INTO autor (autor_id, vorname, nachname, land, beschreibung) VALUES (118, 'Paul', 'Boehmer', NULL, NULL);
INSERT INTO autor (autor_id, vorname, nachname, land, beschreibung) VALUES (119, 'José María Faraldo', 'Jarillo', NULL, NULL);
INSERT INTO autor (autor_id, vorname, nachname, land, beschreibung) VALUES (120, 'David', 'French', NULL, NULL);
INSERT INTO autor (autor_id, vorname, nachname, land, beschreibung) VALUES (121, 'Patrick', 'Rothfuss', 'United States', 'American fantasy writer');
INSERT INTO autor (autor_id, vorname, nachname, land, beschreibung) VALUES (122, 'Ernest', 'Riera', NULL, NULL);
INSERT INTO autor (autor_id, vorname, nachname, land, beschreibung) VALUES (123, 'Dan', 'Simmons', 'United States', 'American novelist (1948–2026)');
INSERT INTO autor (autor_id, vorname, nachname, land, beschreibung) VALUES (124, 'Arkady', 'Strugatsky', 'Soviet Union', 'Soviet Russian writer (1925–1991)');
INSERT INTO autor (autor_id, vorname, nachname, land, beschreibung) VALUES (125, 'Boris', 'Strugatsky', 'Russia', 'Soviet and Russian writer (1933–2012)');
INSERT INTO autor (autor_id, vorname, nachname, land, beschreibung) VALUES (126, 'Andy', 'Weir', NULL, NULL);
INSERT INTO autor (autor_id, vorname, nachname, land, beschreibung) VALUES (127, 'Larry', 'Niven', 'United States', 'American writer (born 1938)');
INSERT INTO autor (autor_id, vorname, nachname, land, beschreibung) VALUES (128, 'Jerry', 'Pournelle', 'United States', 'American science fiction writer, journalist, and scientist (1933-2017)');
INSERT INTO autor (autor_id, vorname, nachname, land, beschreibung) VALUES (129, 'L.J.', 'Ganser', NULL, NULL);
INSERT INTO autor (autor_id, vorname, nachname, land, beschreibung) VALUES (130, 'Richard K.', 'Morgan', NULL, NULL);
INSERT INTO autor (autor_id, vorname, nachname, land, beschreibung) VALUES (131, 'Arthur C.', 'Clarke', 'United Kingdom', 'British science fiction writer, inventor, and futurist (1917–2008)');
INSERT INTO autor (autor_id, vorname, nachname, land, beschreibung) VALUES (132, 'Stanisław', 'Lem', 'Poland', 'Polish science fiction author, philosopher and futurologist, studied medical doctor (1921–2006)');
INSERT INTO autor (autor_id, vorname, nachname, land, beschreibung) VALUES (133, 'Neal', 'Stephenson', 'United States', 'American science fiction writer (born 1959)');
INSERT INTO autor (autor_id, vorname, nachname, land, beschreibung) VALUES (134, 'Carl', 'Sagan', 'United States', 'American astrophysicist, cosmologist and author (1934–1996)');
INSERT INTO autor (autor_id, vorname, nachname, land, beschreibung) VALUES (135, 'Peter F.', 'Hamilton', 'United Kingdom', 'British novelist');
INSERT INTO autor (autor_id, vorname, nachname, land, beschreibung) VALUES (136, 'Becky', 'Chambers', 'United States', 'American author');
INSERT INTO autor (autor_id, vorname, nachname, land, beschreibung) VALUES (137, 'William', 'Gibson', 'United States', 'American-Canadian speculative fiction writer (born 1948)');
INSERT INTO autor (autor_id, vorname, nachname, land, beschreibung) VALUES (138, 'Robert A.', 'Heinlein', 'United States', 'American author and aeronautical engineer (1907–1988)');
INSERT INTO autor (autor_id, vorname, nachname, land, beschreibung) VALUES (139, 'Vincent', 'Schmitt', NULL, NULL);
INSERT INTO autor (autor_id, vorname, nachname, land, beschreibung) VALUES (140, 'Gwennaël', 'Gaffric', NULL, NULL);
INSERT INTO autor (autor_id, vorname, nachname, land, beschreibung) VALUES (141, 'Marc', 'Simonetti', NULL, NULL);
INSERT INTO autor (autor_id, vorname, nachname, land, beschreibung) VALUES (142, 'Ann', 'Leckie', 'United States', 'American science-fiction author');
INSERT INTO autor (autor_id, vorname, nachname, land, beschreibung) VALUES (143, 'John', 'Scalzi', 'United States', 'American science fiction writer (born 1969)');
INSERT INTO autor (autor_id, vorname, nachname, land, beschreibung) VALUES (144, 'Vernor', 'Vinge', 'United States', 'American mathematician, computer scientist, and science fiction writer (1944–2024)');
INSERT INTO autor (autor_id, vorname, nachname, land, beschreibung) VALUES (145, 'Orson Scott', 'Card', 'United States', 'American science fiction novelist (born 1951)');
INSERT INTO autor (autor_id, vorname, nachname, land, beschreibung) VALUES (146, 'Aldous', 'Huxley', 'United Kingdom', 'English writer and philosopher (1894–1963)');
INSERT INTO autor (autor_id, vorname, nachname, land, beschreibung) VALUES (147, 'Aldrich', 'Barrett', NULL, NULL);
INSERT INTO autor (autor_id, vorname, nachname, land, beschreibung) VALUES (148, 'John', 'Wyndham', NULL, NULL);
INSERT INTO autor (autor_id, vorname, nachname, land, beschreibung) VALUES (149, 'Marcel', 'Battin', NULL, NULL);
INSERT INTO autor (autor_id, vorname, nachname, land, beschreibung) VALUES (150, 'Cover by Andy', 'Bridge', NULL, NULL);
INSERT INTO autor (autor_id, vorname, nachname, land, beschreibung) VALUES (151, 'Douglas', 'Adams', 'United Kingdom', 'British science fiction writer and humorist (1952–2001)');
INSERT INTO autor (autor_id, vorname, nachname, land, beschreibung) VALUES (152, 'Bruce', 'Sterling', 'United States', 'American author, speaker and futurist (born 1954)');
INSERT INTO autor (autor_id, vorname, nachname, land, beschreibung) VALUES (153, 'Alfred', 'Bester', 'United States', 'American author (1913–1987)');
INSERT INTO autor (autor_id, vorname, nachname, land, beschreibung) VALUES (154, 'Richard', 'Matheson', 'United States', 'American fiction writer (1926–2013)');
INSERT INTO autor (autor_id, vorname, nachname, land, beschreibung) VALUES (155, 'James S. A.', 'Corey', NULL, 'pen name of SF writing duo Daniel Abraham and Ty Franck');
INSERT INTO autor (autor_id, vorname, nachname, land, beschreibung) VALUES (156, 'Joe', 'Haldeman', 'United States', 'American science fiction writer');
INSERT INTO autor (autor_id, vorname, nachname, land, beschreibung) VALUES (157, 'Kurt', 'Vonnegut', 'United States', 'American author (1922–2007)');
INSERT INTO autor (autor_id, vorname, nachname, land, beschreibung) VALUES (158, 'Peter', 'Watts', 'Canada', 'Canadian biologist and sci-fi author');
INSERT INTO autor (autor_id, vorname, nachname, land, beschreibung) VALUES (159, 'Amal', 'El-Mohtar', 'Canada', 'Canadian poet and speculative fiction writer');
INSERT INTO autor (autor_id, vorname, nachname, land, beschreibung) VALUES (160, 'Max', 'Gladstone', 'United States', 'American novelist');
INSERT INTO autor (autor_id, vorname, nachname, land, beschreibung) VALUES (161, 'Iain', 'Banks', 'United Kingdom', 'Scottish writer (1954–2013)');
INSERT INTO autor (autor_id, vorname, nachname, land, beschreibung) VALUES (162, 'Anne', 'McCaffrey', 'Ireland', 'American-Irish novelist (1926–2011)');
INSERT INTO autor (autor_id, vorname, nachname, land, beschreibung) VALUES (163, 'Freida', 'McFadden', NULL, NULL);
INSERT INTO autor (autor_id, vorname, nachname, land, beschreibung) VALUES (164, 'Carolyn', 'Keene', NULL, 'house pseudonym used by the Stratemeyer Syndicate');
INSERT INTO autor (autor_id, vorname, nachname, land, beschreibung) VALUES (165, 'Raymond', 'Chandler', 'United States', 'American novelist and screenwriter (1888–1959)');
INSERT INTO autor (autor_id, vorname, nachname, land, beschreibung) VALUES (166, 'A. A.', 'Milne', 'United Kingdom', 'British author known for creating Winnie-the-Pooh (1882–1956)');

COMMIT;


-- =============================================================
-- 6. GENRES
-- =============================================================

INSERT INTO genre (genre_id, bezeichnung) VALUES (1, 'Fantasy');
INSERT INTO genre (genre_id, bezeichnung) VALUES (2, 'Science Fiction');
INSERT INTO genre (genre_id, bezeichnung) VALUES (3, 'Mystery');
INSERT INTO genre (genre_id, bezeichnung) VALUES (4, 'Thriller');
INSERT INTO genre (genre_id, bezeichnung) VALUES (5, 'Horror');
INSERT INTO genre (genre_id, bezeichnung) VALUES (6, 'Romance');
INSERT INTO genre (genre_id, bezeichnung) VALUES (7, 'Adventure');
INSERT INTO genre (genre_id, bezeichnung) VALUES (8, 'Biography');
INSERT INTO genre (genre_id, bezeichnung) VALUES (9, 'History');
INSERT INTO genre (genre_id, bezeichnung) VALUES (10, 'Children');
INSERT INTO genre (genre_id, bezeichnung) VALUES (11, 'Young Adult');
INSERT INTO genre (genre_id, bezeichnung) VALUES (12, 'Classics');
INSERT INTO genre (genre_id, bezeichnung) VALUES (13, 'Sonstiges');

COMMIT;


-- =============================================================
-- 7. BUECHER
-- =============================================================

INSERT INTO buch (buch_id, isbn, titel, erscheinungsjahr, sprache, freigabe_status) VALUES (1, '144244228X', 'The Summer I Turned Pretty Trilogy', 2009, 'Englisch', 'FREIGEGEBEN');
INSERT INTO buch (buch_id, isbn, titel, erscheinungsjahr, sprache, freigabe_status) VALUES (2, '0486278077', 'The Picture of Dorian Gray', 1890, 'Deutsch', 'FREIGEGEBEN');
INSERT INTO buch (buch_id, isbn, titel, erscheinungsjahr, sprache, freigabe_status) VALUES (3, '9780062111234', 'Shatter Me', 2011, 'Englisch', 'FREIGEGEBEN');
INSERT INTO buch (buch_id, isbn, titel, erscheinungsjahr, sprache, freigabe_status) VALUES (4, '2253258199', 'The Silent Patient', 2018, 'Deutsch', 'FREIGEGEBEN');
INSERT INTO buch (buch_id, isbn, titel, erscheinungsjahr, sprache, freigabe_status) VALUES (5, '9781955876162', 'The Cruel Prince', 2018, 'Englisch', 'FREIGEGEBEN');
INSERT INTO buch (buch_id, isbn, titel, erscheinungsjahr, sprache, freigabe_status) VALUES (6, '9655173941', 'Diary of a Wimpy Kid', 2007, 'Deutsch', 'FREIGEGEBEN');
INSERT INTO buch (buch_id, isbn, titel, erscheinungsjahr, sprache, freigabe_status) VALUES (7, '9781471156267', 'It Ends With Us', 2012, 'Deutsch', 'FREIGEGEBEN');
INSERT INTO buch (buch_id, isbn, titel, erscheinungsjahr, sprache, freigabe_status) VALUES (8, '1400150663', 'The Invisible Man', NULL, 'Deutsch', 'FREIGEGEBEN');
INSERT INTO buch (buch_id, isbn, titel, erscheinungsjahr, sprache, freigabe_status) VALUES (9, '3426530597', 'Red, White & Royal Blue', 2019, 'Deutsch', 'FREIGEGEBEN');
INSERT INTO buch (buch_id, isbn, titel, erscheinungsjahr, sprache, freigabe_status) VALUES (10, '8419688363', 'Powerless', 2023, 'Englisch', 'FREIGEGEBEN');
INSERT INTO buch (buch_id, isbn, titel, erscheinungsjahr, sprache, freigabe_status) VALUES (11, '178031857X', 'Unravel me', 2013, 'Englisch', 'FREIGEGEBEN');
INSERT INTO buch (buch_id, isbn, titel, erscheinungsjahr, sprache, freigabe_status) VALUES (12, '9781503082250', 'Carmilla', 1871, 'Deutsch', 'FREIGEGEBEN');
INSERT INTO buch (buch_id, isbn, titel, erscheinungsjahr, sprache, freigabe_status) VALUES (13, '6070792289', 'The Summer I Turned Pretty', 2000, 'Englisch', 'FREIGEGEBEN');
INSERT INTO buch (buch_id, isbn, titel, erscheinungsjahr, sprache, freigabe_status) VALUES (14, '9782266025669', 'The Eyes of Darkness', 1981, 'Deutsch', 'FREIGEGEBEN');
INSERT INTO buch (buch_id, isbn, titel, erscheinungsjahr, sprache, freigabe_status) VALUES (15, '9781774415702', 'The Time Machine', 1895, 'Deutsch', 'FREIGEGEBEN');
INSERT INTO buch (buch_id, isbn, titel, erscheinungsjahr, sprache, freigabe_status) VALUES (16, '9783458141068', 'Wuthering Heights', 1846, 'Deutsch', 'FREIGEGEBEN');
INSERT INTO buch (buch_id, isbn, titel, erscheinungsjahr, sprache, freigabe_status) VALUES (17, '9781574535587', 'A Wizard of Earthsea', 1968, 'Deutsch', 'FREIGEGEBEN');
INSERT INTO buch (buch_id, isbn, titel, erscheinungsjahr, sprache, freigabe_status) VALUES (18, '0606414312', 'They Both Die at the End', 2017, 'Englisch', 'FREIGEGEBEN');
INSERT INTO buch (buch_id, isbn, titel, erscheinungsjahr, sprache, freigabe_status) VALUES (19, '9781730880711', 'Anne of the Island', 1915, 'Deutsch', 'FREIGEGEBEN');
INSERT INTO buch (buch_id, isbn, titel, erscheinungsjahr, sprache, freigabe_status) VALUES (20, '9781521927656', 'Anne of Green Gables', 1908, 'Deutsch', 'FREIGEGEBEN');
INSERT INTO buch (buch_id, isbn, titel, erscheinungsjahr, sprache, freigabe_status) VALUES (21, '9798463083326', 'The Scarlet Letter', 1800, 'Deutsch', 'FREIGEGEBEN');
INSERT INTO buch (buch_id, isbn, titel, erscheinungsjahr, sprache, freigabe_status) VALUES (22, '9781250095275', 'Caraval', 2000, 'Deutsch', 'FREIGEGEBEN');
INSERT INTO buch (buch_id, isbn, titel, erscheinungsjahr, sprache, freigabe_status) VALUES (23, '201203456X', 'The Great Gatsby', 1920, 'Deutsch', 'FREIGEGEBEN');
INSERT INTO buch (buch_id, isbn, titel, erscheinungsjahr, sprache, freigabe_status) VALUES (24, '9798683158866', 'A Princess of Mars', 1912, 'Englisch', 'FREIGEGEBEN');
INSERT INTO buch (buch_id, isbn, titel, erscheinungsjahr, sprache, freigabe_status) VALUES (25, '9785170661022', 'Мастер и Маргарита', 1966, 'Deutsch', 'FREIGEGEBEN');
INSERT INTO buch (buch_id, isbn, titel, erscheinungsjahr, sprache, freigabe_status) VALUES (26, '9789875668478', 'The Shining', 1977, 'Deutsch', 'FREIGEGEBEN');
INSERT INTO buch (buch_id, isbn, titel, erscheinungsjahr, sprache, freigabe_status) VALUES (27, '9798648795143', 'La Peste', 1942, 'Deutsch', 'FREIGEGEBEN');
INSERT INTO buch (buch_id, isbn, titel, erscheinungsjahr, sprache, freigabe_status) VALUES (28, '9798454848842', 'Haunting Adeline', 2021, 'Deutsch', 'FREIGEGEBEN');
INSERT INTO buch (buch_id, isbn, titel, erscheinungsjahr, sprache, freigabe_status) VALUES (29, '1954525001', 'Mrs. Dalloway', 1925, 'Deutsch', 'FREIGEGEBEN');
INSERT INTO buch (buch_id, isbn, titel, erscheinungsjahr, sprache, freigabe_status) VALUES (30, '9798731293341', 'The Wonderful Wizard of Oz', 1899, 'Deutsch', 'FREIGEGEBEN');
INSERT INTO buch (buch_id, isbn, titel, erscheinungsjahr, sprache, freigabe_status) VALUES (31, '1986554775', 'The Secret Garden', 1911, 'Englisch', 'FREIGEGEBEN');
INSERT INTO buch (buch_id, isbn, titel, erscheinungsjahr, sprache, freigabe_status) VALUES (32, '9781472200686', 'Interview With the Vampire', 1976, 'Deutsch', 'FREIGEGEBEN');
INSERT INTO buch (buch_id, isbn, titel, erscheinungsjahr, sprache, freigabe_status) VALUES (33, '0141191058', 'The Outsiders', 1967, 'Deutsch', 'FREIGEGEBEN');
INSERT INTO buch (buch_id, isbn, titel, erscheinungsjahr, sprache, freigabe_status) VALUES (34, '9789873952067', 'Frankenstein or The Modern Prometheus', 1818, 'Deutsch', 'FREIGEGEBEN');
INSERT INTO buch (buch_id, isbn, titel, erscheinungsjahr, sprache, freigabe_status) VALUES (35, '9780394415765', 'Atlas Shrugged (Centennial Ed. HC)', 1936, 'Deutsch', 'FREIGEGEBEN');
INSERT INTO buch (buch_id, isbn, titel, erscheinungsjahr, sprache, freigabe_status) VALUES (36, '0008669147', 'The Silmarillion', 1977, 'Deutsch', 'FREIGEGEBEN');
INSERT INTO buch (buch_id, isbn, titel, erscheinungsjahr, sprache, freigabe_status) VALUES (37, '0486850617', 'The Sun Also Rises', 1926, 'Deutsch', 'FREIGEGEBEN');
INSERT INTO buch (buch_id, isbn, titel, erscheinungsjahr, sprache, freigabe_status) VALUES (38, '0340390700', 'Misery', 1978, 'Deutsch', 'FREIGEGEBEN');
INSERT INTO buch (buch_id, isbn, titel, erscheinungsjahr, sprache, freigabe_status) VALUES (39, '9993175315', 'The Fellowship of the Ring', 1954, 'Deutsch', 'FREIGEGEBEN');
INSERT INTO buch (buch_id, isbn, titel, erscheinungsjahr, sprache, freigabe_status) VALUES (40, '9780008653149', 'A Good Girl''s Guide to Murder', 2019, 'Deutsch', 'FREIGEGEBEN');
INSERT INTO buch (buch_id, isbn, titel, erscheinungsjahr, sprache, freigabe_status) VALUES (41, '9781471198069', 'Dork Diaries Collection', 2020, 'Englisch', 'FREIGEGEBEN');
INSERT INTO buch (buch_id, isbn, titel, erscheinungsjahr, sprache, freigabe_status) VALUES (42, '9798897248889', 'We Were Never Meant To Be', 2025, 'Englisch', 'FREIGEGEBEN');
INSERT INTO buch (buch_id, isbn, titel, erscheinungsjahr, sprache, freigabe_status) VALUES (43, '1549678922', 'The Lost World', 1900, 'Deutsch', 'FREIGEGEBEN');
INSERT INTO buch (buch_id, isbn, titel, erscheinungsjahr, sprache, freigabe_status) VALUES (44, '1719071829', 'Записки изъ подполья', 1864, 'Deutsch', 'FREIGEGEBEN');
INSERT INTO buch (buch_id, isbn, titel, erscheinungsjahr, sprache, freigabe_status) VALUES (45, '1799719421', 'Verity', 2018, 'Deutsch', 'FREIGEGEBEN');
INSERT INTO buch (buch_id, isbn, titel, erscheinungsjahr, sprache, freigabe_status) VALUES (46, '9781538500484', 'Restore me', 2018, 'Englisch', 'FREIGEGEBEN');
INSERT INTO buch (buch_id, isbn, titel, erscheinungsjahr, sprache, freigabe_status) VALUES (47, '9783257201710', 'The War of the Worlds', NULL, 'Deutsch', 'FREIGEGEBEN');
INSERT INTO buch (buch_id, isbn, titel, erscheinungsjahr, sprache, freigabe_status) VALUES (48, '9781847498014', 'White Fang', 1905, 'Deutsch', 'FREIGEGEBEN');
INSERT INTO buch (buch_id, isbn, titel, erscheinungsjahr, sprache, freigabe_status) VALUES (49, '1515156095', 'Emma', 1815, 'Deutsch', 'FREIGEGEBEN');
INSERT INTO buch (buch_id, isbn, titel, erscheinungsjahr, sprache, freigabe_status) VALUES (50, '9798888160749', 'A Little Princess', 1905, 'Englisch', 'FREIGEGEBEN');
INSERT INTO buch (buch_id, isbn, titel, erscheinungsjahr, sprache, freigabe_status) VALUES (51, '9798779255943', 'L’étranger', 1942, 'Deutsch', 'FREIGEGEBEN');
INSERT INTO buch (buch_id, isbn, titel, erscheinungsjahr, sprache, freigabe_status) VALUES (52, '9780792769798', 'The Mystery of the Blue Train', 1928, 'Deutsch', 'FREIGEGEBEN');
INSERT INTO buch (buch_id, isbn, titel, erscheinungsjahr, sprache, freigabe_status) VALUES (53, '1484498011', 'Double Down', 2007, 'Englisch', 'FREIGEGEBEN');
INSERT INTO buch (buch_id, isbn, titel, erscheinungsjahr, sprache, freigabe_status) VALUES (54, '1609422414', 'Anthem', 1936, 'Deutsch', 'FREIGEGEBEN');
INSERT INTO buch (buch_id, isbn, titel, erscheinungsjahr, sprache, freigabe_status) VALUES (55, '0812970098', 'Voyage au Centre de la Terre', 1867, 'Englisch', 'FREIGEGEBEN');
INSERT INTO buch (buch_id, isbn, titel, erscheinungsjahr, sprache, freigabe_status) VALUES (56, '9782266138826', 'Howl''s Moving Castle', 1986, 'Deutsch', 'FREIGEGEBEN');
INSERT INTO buch (buch_id, isbn, titel, erscheinungsjahr, sprache, freigabe_status) VALUES (57, '9780316310420', 'The Queen of Nothing', 2019, 'Englisch', 'FREIGEGEBEN');
INSERT INTO buch (buch_id, isbn, titel, erscheinungsjahr, sprache, freigabe_status) VALUES (58, '2277097799', 'Insomnia', 1994, 'Deutsch', 'FREIGEGEBEN');
INSERT INTO buch (buch_id, isbn, titel, erscheinungsjahr, sprache, freigabe_status) VALUES (59, '1540844226', 'Metamorphosis', 1915, 'Deutsch', 'FREIGEGEBEN');
INSERT INTO buch (buch_id, isbn, titel, erscheinungsjahr, sprache, freigabe_status) VALUES (60, '9783833936562', 'Diary of a Wimpy Kid', 2017, 'Deutsch', 'FREIGEGEBEN');
INSERT INTO buch (buch_id, isbn, titel, erscheinungsjahr, sprache, freigabe_status) VALUES (61, '0091944244', 'A Gentleman in Moscow', 2016, 'Deutsch', 'FREIGEGEBEN');
INSERT INTO buch (buch_id, isbn, titel, erscheinungsjahr, sprache, freigabe_status) VALUES (62, '0822072092', 'To Kill a Mockingbird', 1960, 'Deutsch', 'FREIGEGEBEN');
INSERT INTO buch (buch_id, isbn, titel, erscheinungsjahr, sprache, freigabe_status) VALUES (63, '9780345313904', 'The Naked Sun', 1954, 'Deutsch', 'FREIGEGEBEN');
INSERT INTO buch (buch_id, isbn, titel, erscheinungsjahr, sprache, freigabe_status) VALUES (64, '8417420738', 'Harry Potter and the Philosopher''s Stone', 1997, 'Deutsch', 'FREIGEGEBEN');
INSERT INTO buch (buch_id, isbn, titel, erscheinungsjahr, sprache, freigabe_status) VALUES (65, '1925640671', 'All your perfects', 2018, 'Deutsch', 'FREIGEGEBEN');
INSERT INTO buch (buch_id, isbn, titel, erscheinungsjahr, sprache, freigabe_status) VALUES (66, '1623958253', 'Le Comte de Monte Cristo', 1830, 'Deutsch', 'FREIGEGEBEN');
INSERT INTO buch (buch_id, isbn, titel, erscheinungsjahr, sprache, freigabe_status) VALUES (67, '9798504233154', 'Le petit prince', 1943, 'Deutsch', 'FREIGEGEBEN');
INSERT INTO buch (buch_id, isbn, titel, erscheinungsjahr, sprache, freigabe_status) VALUES (68, '9780345916129', 'The Princess Bride', 1973, 'Englisch', 'FREIGEGEBEN');
INSERT INTO buch (buch_id, isbn, titel, erscheinungsjahr, sprache, freigabe_status) VALUES (69, '9789750802959', 'Harry Potter and the Chamber of Secrets', 1998, 'Deutsch', 'FREIGEGEBEN');
INSERT INTO buch (buch_id, isbn, titel, erscheinungsjahr, sprache, freigabe_status) VALUES (70, '9783518369401', 'Ubik', 1969, 'Deutsch', 'FREIGEGEBEN');
INSERT INTO buch (buch_id, isbn, titel, erscheinungsjahr, sprache, freigabe_status) VALUES (71, '8376862871', 'The One (The Selection #3)', 2012, 'Englisch', 'FREIGEGEBEN');
INSERT INTO buch (buch_id, isbn, titel, erscheinungsjahr, sprache, freigabe_status) VALUES (72, '057501864X', 'Dune', 1965, 'Deutsch', 'FREIGEGEBEN');
INSERT INTO buch (buch_id, isbn, titel, erscheinungsjahr, sprache, freigabe_status) VALUES (73, '0989720055', 'The Strange Case of Dr. Jekyll and Mr. Hyde', 1875, 'Deutsch', 'FREIGEGEBEN');
INSERT INTO buch (buch_id, isbn, titel, erscheinungsjahr, sprache, freigabe_status) VALUES (74, '9789667007034', 'Sofies verden', 1991, 'Deutsch', 'FREIGEGEBEN');
INSERT INTO buch (buch_id, isbn, titel, erscheinungsjahr, sprache, freigabe_status) VALUES (75, '1416995587', 'We''ll Always Have Summer', 2011, 'Deutsch', 'FREIGEGEBEN');
INSERT INTO buch (buch_id, isbn, titel, erscheinungsjahr, sprache, freigabe_status) VALUES (76, '9789383202829', 'Oliver Twist', 1822, 'Deutsch', 'FREIGEGEBEN');
INSERT INTO buch (buch_id, isbn, titel, erscheinungsjahr, sprache, freigabe_status) VALUES (77, '9780449024973', 'The Caves of Steel', 1953, 'Deutsch', 'FREIGEGEBEN');
INSERT INTO buch (buch_id, isbn, titel, erscheinungsjahr, sprache, freigabe_status) VALUES (78, '9788868337421', 'The Handmaid''s Tale', 1985, 'Deutsch', 'FREIGEGEBEN');
INSERT INTO buch (buch_id, isbn, titel, erscheinungsjahr, sprache, freigabe_status) VALUES (79, '9780812415070', 'Animal Farm', 1945, 'Deutsch', 'FREIGEGEBEN');
INSERT INTO buch (buch_id, isbn, titel, erscheinungsjahr, sprache, freigabe_status) VALUES (80, '9781798569726', 'Anne of Avonlea', 1909, 'Deutsch', 'FREIGEGEBEN');
INSERT INTO buch (buch_id, isbn, titel, erscheinungsjahr, sprache, freigabe_status) VALUES (81, '1471172783', 'Dork Diaries', 2009, 'Englisch', 'FREIGEGEBEN');
INSERT INTO buch (buch_id, isbn, titel, erscheinungsjahr, sprache, freigabe_status) VALUES (82, '8576574837', 'Foundation', 1951, 'Deutsch', 'FREIGEGEBEN');
INSERT INTO buch (buch_id, isbn, titel, erscheinungsjahr, sprache, freigabe_status) VALUES (83, '9798709797420', 'Demian', 1919, 'Deutsch', 'FREIGEGEBEN');
INSERT INTO buch (buch_id, isbn, titel, erscheinungsjahr, sprache, freigabe_status) VALUES (84, '9787229030933', 'Death''s End (The Three-Body Problem Series Book 3)', 2010, 'Deutsch', 'FREIGEGEBEN');
INSERT INTO buch (buch_id, isbn, titel, erscheinungsjahr, sprache, freigabe_status) VALUES (85, '9780575091085', 'The Blade Itself', 2001, 'Englisch', 'FREIGEGEBEN');
INSERT INTO buch (buch_id, isbn, titel, erscheinungsjahr, sprache, freigabe_status) VALUES (86, '9798840025307', 'The Bell Jar', 1948, 'Deutsch', 'FREIGEGEBEN');
INSERT INTO buch (buch_id, isbn, titel, erscheinungsjahr, sprache, freigabe_status) VALUES (87, '9781407011936', 'House of Leaves', 1998, 'Englisch', 'FREIGEGEBEN');
INSERT INTO buch (buch_id, isbn, titel, erscheinungsjahr, sprache, freigabe_status) VALUES (88, '9781501257650', 'Dracula', 1897, 'Deutsch', 'FREIGEGEBEN');
INSERT INTO buch (buch_id, isbn, titel, erscheinungsjahr, sprache, freigabe_status) VALUES (89, '9781447223955', 'Are You There God? It''s Me, Margaret.', 1970, 'Englisch', 'FREIGEGEBEN');
INSERT INTO buch (buch_id, isbn, titel, erscheinungsjahr, sprache, freigabe_status) VALUES (90, '9781070647005', 'Pollyanna', 1912, 'Englisch', 'FREIGEGEBEN');
INSERT INTO buch (buch_id, isbn, titel, erscheinungsjahr, sprache, freigabe_status) VALUES (91, '6068811743', 'Watership Down', 1972, 'Deutsch', 'FREIGEGEBEN');
INSERT INTO buch (buch_id, isbn, titel, erscheinungsjahr, sprache, freigabe_status) VALUES (92, '8592795192', 'Kindred', 1979, 'Deutsch', 'FREIGEGEBEN');
INSERT INTO buch (buch_id, isbn, titel, erscheinungsjahr, sprache, freigabe_status) VALUES (93, '0063353784', 'Shatter Me Complete Collection', 2011, 'Englisch', 'FREIGEGEBEN');
INSERT INTO buch (buch_id, isbn, titel, erscheinungsjahr, sprache, freigabe_status) VALUES (94, '9781613832493', 'Fahrenheit 451', 1953, 'Deutsch', 'FREIGEGEBEN');
INSERT INTO buch (buch_id, isbn, titel, erscheinungsjahr, sprache, freigabe_status) VALUES (95, '2371020273', 'Exile', 2012, 'Englisch', 'FREIGEGEBEN');
INSERT INTO buch (buch_id, isbn, titel, erscheinungsjahr, sprache, freigabe_status) VALUES (96, '9780441363957', 'I Have No Mouth and I Must Scream', 1972, 'Englisch', 'FREIGEGEBEN');
INSERT INTO buch (buch_id, isbn, titel, erscheinungsjahr, sprache, freigabe_status) VALUES (97, '802680676X', 'Pride and Prejudice', 1813, 'Deutsch', 'FREIGEGEBEN');
INSERT INTO buch (buch_id, isbn, titel, erscheinungsjahr, sprache, freigabe_status) VALUES (98, '9780743539470', 'Deception Point', 2001, 'Deutsch', 'FREIGEGEBEN');
INSERT INTO buch (buch_id, isbn, titel, erscheinungsjahr, sprache, freigabe_status) VALUES (99, '9780060571528', 'Coraline', 2001, 'Deutsch', 'FREIGEGEBEN');
INSERT INTO buch (buch_id, isbn, titel, erscheinungsjahr, sprache, freigabe_status) VALUES (100, '9781684224487', 'The Man in the Brown Suit', 1924, 'Deutsch', 'FREIGEGEBEN');
INSERT INTO buch (buch_id, isbn, titel, erscheinungsjahr, sprache, freigabe_status) VALUES (101, '4150205159', 'The Hero of Ages', 2008, 'Englisch', 'FREIGEGEBEN');
INSERT INTO buch (buch_id, isbn, titel, erscheinungsjahr, sprache, freigabe_status) VALUES (102, '9780553902716', 'The Lies of Locke Lamora', 2001, 'Englisch', 'FREIGEGEBEN');
INSERT INTO buch (buch_id, isbn, titel, erscheinungsjahr, sprache, freigabe_status) VALUES (103, '9049206344', 'The Assassin’s Blade', 2014, 'Deutsch', 'FREIGEGEBEN');
INSERT INTO buch (buch_id, isbn, titel, erscheinungsjahr, sprache, freigabe_status) VALUES (104, '1590865693', 'Wizard''s First Rule', 1994, 'Deutsch', 'FREIGEGEBEN');
INSERT INTO buch (buch_id, isbn, titel, erscheinungsjahr, sprache, freigabe_status) VALUES (105, '0316073717', 'Krew elfów', 1994, 'Deutsch', 'FREIGEGEBEN');
INSERT INTO buch (buch_id, isbn, titel, erscheinungsjahr, sprache, freigabe_status) VALUES (106, '9781538519097', 'The Poppy War', 2018, 'Englisch', 'FREIGEGEBEN');
INSERT INTO buch (buch_id, isbn, titel, erscheinungsjahr, sprache, freigabe_status) VALUES (107, '9789574679508', 'The Eye of the World', 1990, 'Deutsch', 'FREIGEGEBEN');
INSERT INTO buch (buch_id, isbn, titel, erscheinungsjahr, sprache, freigabe_status) VALUES (108, '9788448034580', 'Lord of Chaos', 1994, 'Englisch', 'FREIGEGEBEN');
INSERT INTO buch (buch_id, isbn, titel, erscheinungsjahr, sprache, freigabe_status) VALUES (109, '0575105801', 'The Alloy of Law', 2001, 'Englisch', 'FREIGEGEBEN');
INSERT INTO buch (buch_id, isbn, titel, erscheinungsjahr, sprache, freigabe_status) VALUES (110, '9780062237378', 'Small Gods', 1992, 'Deutsch', 'FREIGEGEBEN');
INSERT INTO buch (buch_id, isbn, titel, erscheinungsjahr, sprache, freigabe_status) VALUES (111, '9783453317109', 'The Way of Kings', 2010, 'Deutsch', 'FREIGEGEBEN');
INSERT INTO buch (buch_id, isbn, titel, erscheinungsjahr, sprache, freigabe_status) VALUES (112, '9788580445046', 'Elantris', 2005, 'Englisch', 'FREIGEGEBEN');
INSERT INTO buch (buch_id, isbn, titel, erscheinungsjahr, sprache, freigabe_status) VALUES (113, '1438524900', 'Phantastes', 1850, 'Englisch', 'FREIGEGEBEN');
INSERT INTO buch (buch_id, isbn, titel, erscheinungsjahr, sprache, freigabe_status) VALUES (114, '9781932796575', 'Sojourn', 1991, 'Deutsch', 'FREIGEGEBEN');
INSERT INTO buch (buch_id, isbn, titel, erscheinungsjahr, sprache, freigabe_status) VALUES (115, '9780345913722', 'Pawn of Prophecy', 1982, 'Englisch', 'FREIGEGEBEN');
INSERT INTO buch (buch_id, isbn, titel, erscheinungsjahr, sprache, freigabe_status) VALUES (116, '3442269091', 'Gardens of the Moon', 1999, 'Deutsch', 'FREIGEGEBEN');
INSERT INTO buch (buch_id, isbn, titel, erscheinungsjahr, sprache, freigabe_status) VALUES (117, '9788445007037', 'The Shadow Rising', 1992, 'Englisch', 'FREIGEGEBEN');
INSERT INTO buch (buch_id, isbn, titel, erscheinungsjahr, sprache, freigabe_status) VALUES (118, '9780316389716', 'Miecz przeznaczenia', 1992, 'Deutsch', 'FREIGEGEBEN');
INSERT INTO buch (buch_id, isbn, titel, erscheinungsjahr, sprache, freigabe_status) VALUES (119, '9788445070963', 'The Shadow of the Torturer', 1980, 'Englisch', 'FREIGEGEBEN');
INSERT INTO buch (buch_id, isbn, titel, erscheinungsjahr, sprache, freigabe_status) VALUES (120, '0008117454', 'Ship of Magic', 1998, 'Englisch', 'FREIGEGEBEN');
INSERT INTO buch (buch_id, isbn, titel, erscheinungsjahr, sprache, freigabe_status) VALUES (121, '1616960922', 'The Emperor''s Soul', 2012, 'Englisch', 'FREIGEGEBEN');
INSERT INTO buch (buch_id, isbn, titel, erscheinungsjahr, sprache, freigabe_status) VALUES (122, '9781593976064', 'The Fires of Heaven', 1993, 'Englisch', 'FREIGEGEBEN');
INSERT INTO buch (buch_id, isbn, titel, erscheinungsjahr, sprache, freigabe_status) VALUES (123, '9788420683324', 'Best served cold', 2009, 'Englisch', 'FREIGEGEBEN');
INSERT INTO buch (buch_id, isbn, titel, erscheinungsjahr, sprache, freigabe_status) VALUES (124, '9780786931262', 'Exile', 1990, 'Deutsch', 'FREIGEGEBEN');
INSERT INTO buch (buch_id, isbn, titel, erscheinungsjahr, sprache, freigabe_status) VALUES (125, '9781848941137', 'Wolves of the Calla', 2003, 'Deutsch', 'FREIGEGEBEN');
INSERT INTO buch (buch_id, isbn, titel, erscheinungsjahr, sprache, freigabe_status) VALUES (126, '1399611399', 'Ostatnie Życzenie', 1993, 'Deutsch', 'FREIGEGEBEN');
INSERT INTO buch (buch_id, isbn, titel, erscheinungsjahr, sprache, freigabe_status) VALUES (127, '1713530147', 'House of Earth and Blood', 2019, 'Englisch', 'FREIGEGEBEN');
INSERT INTO buch (buch_id, isbn, titel, erscheinungsjahr, sprache, freigabe_status) VALUES (128, '0552168572', 'Enchanters'' End Game (The Belgariad)', 1984, 'Englisch', 'FREIGEGEBEN');
INSERT INTO buch (buch_id, isbn, titel, erscheinungsjahr, sprache, freigabe_status) VALUES (129, '9781593974336', 'The Great Hunt (The Wheel of Time Book 2)', 1990, 'Englisch', 'FREIGEGEBEN');
INSERT INTO buch (buch_id, isbn, titel, erscheinungsjahr, sprache, freigabe_status) VALUES (130, '9781400142866', 'The Way of Shadows', 2008, 'Englisch', 'FREIGEGEBEN');
INSERT INTO buch (buch_id, isbn, titel, erscheinungsjahr, sprache, freigabe_status) VALUES (131, '9780008115456', 'Assassin''s Apprentice', 1995, 'Englisch', 'FREIGEGEBEN');
INSERT INTO buch (buch_id, isbn, titel, erscheinungsjahr, sprache, freigabe_status) VALUES (132, '6073925042', 'Alas de ónix', 2025, 'Deutsch', 'FREIGEGEBEN');
INSERT INTO buch (buch_id, isbn, titel, erscheinungsjahr, sprache, freigabe_status) VALUES (133, '8418930470', 'The ones who walk away from Omelas', 1973, 'Englisch', 'FREIGEGEBEN');
INSERT INTO buch (buch_id, isbn, titel, erscheinungsjahr, sprache, freigabe_status) VALUES (134, '0765395649', 'Arcanum Unbounded', 2016, 'Englisch', 'FREIGEGEBEN');
INSERT INTO buch (buch_id, isbn, titel, erscheinungsjahr, sprache, freigabe_status) VALUES (135, '9781534438545', 'Stellarlune', 2022, 'Englisch', 'FREIGEGEBEN');
INSERT INTO buch (buch_id, isbn, titel, erscheinungsjahr, sprache, freigabe_status) VALUES (136, '9780061556746', 'Midnight', 2005, 'Deutsch', 'FREIGEGEBEN');
INSERT INTO buch (buch_id, isbn, titel, erscheinungsjahr, sprache, freigabe_status) VALUES (137, '5237004989', 'A Spell for Chameleon', 1977, 'Englisch', 'FREIGEGEBEN');
INSERT INTO buch (buch_id, isbn, titel, erscheinungsjahr, sprache, freigabe_status) VALUES (138, '9780552131063', 'Mort', 1987, 'Deutsch', 'FREIGEGEBEN');
INSERT INTO buch (buch_id, isbn, titel, erscheinungsjahr, sprache, freigabe_status) VALUES (139, '9783423283830', 'Iron Flame', 2023, 'Deutsch', 'FREIGEGEBEN');
INSERT INTO buch (buch_id, isbn, titel, erscheinungsjahr, sprache, freigabe_status) VALUES (140, '9780739370971', 'The City of Ember (The First Book of Ember)', 1998, 'Englisch', 'FREIGEGEBEN');
INSERT INTO buch (buch_id, isbn, titel, erscheinungsjahr, sprache, freigabe_status) VALUES (141, '9780062476371', 'Neverwhere', 1996, 'Deutsch', 'FREIGEGEBEN');
INSERT INTO buch (buch_id, isbn, titel, erscheinungsjahr, sprache, freigabe_status) VALUES (142, '9786073108409', 'A Clash of Kings', 1998, 'Englisch', 'FREIGEGEBEN');
INSERT INTO buch (buch_id, isbn, titel, erscheinungsjahr, sprache, freigabe_status) VALUES (143, '1841493384', 'New Spring (The Wheel of Time, Book 0)', 2004, 'Englisch', 'FREIGEGEBEN');
INSERT INTO buch (buch_id, isbn, titel, erscheinungsjahr, sprache, freigabe_status) VALUES (144, '9780753140260', 'Equal Rites', 1987, 'Deutsch', 'FREIGEGEBEN');
INSERT INTO buch (buch_id, isbn, titel, erscheinungsjahr, sprache, freigabe_status) VALUES (145, '9798513996880', 'The Road to Oz', 1909, 'Englisch', 'FREIGEGEBEN');
INSERT INTO buch (buch_id, isbn, titel, erscheinungsjahr, sprache, freigabe_status) VALUES (146, '9782226071439', 'The Eyes of the Dragon', 1959, 'Deutsch', 'FREIGEGEBEN');
INSERT INTO buch (buch_id, isbn, titel, erscheinungsjahr, sprache, freigabe_status) VALUES (147, '0061543004', 'Fire and Ice', 2003, 'Deutsch', 'FREIGEGEBEN');
INSERT INTO buch (buch_id, isbn, titel, erscheinungsjahr, sprache, freigabe_status) VALUES (148, '9780007525492', 'The Hobbit', 1937, 'Deutsch', 'FREIGEGEBEN');
INSERT INTO buch (buch_id, isbn, titel, erscheinungsjahr, sprache, freigabe_status) VALUES (149, '0061367761', 'Sourcery', 1988, 'Deutsch', 'FREIGEGEBEN');
INSERT INTO buch (buch_id, isbn, titel, erscheinungsjahr, sprache, freigabe_status) VALUES (150, '9782841721801', 'Interesting Times', 1994, 'Deutsch', 'FREIGEGEBEN');
INSERT INTO buch (buch_id, isbn, titel, erscheinungsjahr, sprache, freigabe_status) VALUES (151, '9780345254849', 'The Last Unicorn', 1968, 'Englisch', 'FREIGEGEBEN');
INSERT INTO buch (buch_id, isbn, titel, erscheinungsjahr, sprache, freigabe_status) VALUES (152, '0062820141', 'The Darkest Hour', 2004, 'Englisch', 'FREIGEGEBEN');
INSERT INTO buch (buch_id, isbn, titel, erscheinungsjahr, sprache, freigabe_status) VALUES (153, '3911399065', 'The Invisible Life of Addie LaRue', 2015, 'Deutsch', 'FREIGEGEBEN');
INSERT INTO buch (buch_id, isbn, titel, erscheinungsjahr, sprache, freigabe_status) VALUES (154, '1435257901', 'Knife of Dreams', 2005, 'Englisch', 'FREIGEGEBEN');
INSERT INTO buch (buch_id, isbn, titel, erscheinungsjahr, sprache, freigabe_status) VALUES (155, '125031318X', 'Gideon the Ninth', 2019, 'Englisch', 'FREIGEGEBEN');
INSERT INTO buch (buch_id, isbn, titel, erscheinungsjahr, sprache, freigabe_status) VALUES (156, '9788422686569', 'Unfinished Tales of Númenor and Middle-earth', 1980, 'Deutsch', 'FREIGEGEBEN');
INSERT INTO buch (buch_id, isbn, titel, erscheinungsjahr, sprache, freigabe_status) VALUES (157, '9780786936137', 'The Crystal Shard', 1988, 'Deutsch', 'FREIGEGEBEN');
INSERT INTO buch (buch_id, isbn, titel, erscheinungsjahr, sprache, freigabe_status) VALUES (158, '1526620642', 'A Court of Silver Flames', 2021, 'Deutsch', 'FREIGEGEBEN');
INSERT INTO buch (buch_id, isbn, titel, erscheinungsjahr, sprache, freigabe_status) VALUES (159, '9780261667976', 'The Last Battle', 1956, 'Deutsch', 'FREIGEGEBEN');
INSERT INTO buch (buch_id, isbn, titel, erscheinungsjahr, sprache, freigabe_status) VALUES (160, '6053759112', 'The Path of Daggers', 1998, 'Englisch', 'FREIGEGEBEN');
INSERT INTO buch (buch_id, isbn, titel, erscheinungsjahr, sprache, freigabe_status) VALUES (161, '9780345305183', 'On a pale horse', 1983, 'Englisch', 'FREIGEGEBEN');
INSERT INTO buch (buch_id, isbn, titel, erscheinungsjahr, sprache, freigabe_status) VALUES (162, '9780756956691', 'Rising Storm', 2004, 'Deutsch', 'FREIGEGEBEN');
INSERT INTO buch (buch_id, isbn, titel, erscheinungsjahr, sprache, freigabe_status) VALUES (163, '9780786931231', 'Homeland', 1990, 'Deutsch', 'FREIGEGEBEN');
INSERT INTO buch (buch_id, isbn, titel, erscheinungsjahr, sprache, freigabe_status) VALUES (164, '0451457811', 'Storm Front', 2000, 'Deutsch', 'FREIGEGEBEN');
INSERT INTO buch (buch_id, isbn, titel, erscheinungsjahr, sprache, freigabe_status) VALUES (165, '9780786930678', 'Dragons of Winter Night', 1985, 'Englisch', 'FREIGEGEBEN');
INSERT INTO buch (buch_id, isbn, titel, erscheinungsjahr, sprache, freigabe_status) VALUES (166, '1399604325', 'Last Argument of Kings', 2008, 'Englisch', 'FREIGEGEBEN');
INSERT INTO buch (buch_id, isbn, titel, erscheinungsjahr, sprache, freigabe_status) VALUES (167, '0340827181', 'Song of Susannah', 1999, 'Deutsch', 'FREIGEGEBEN');
INSERT INTO buch (buch_id, isbn, titel, erscheinungsjahr, sprache, freigabe_status) VALUES (168, '0316219134', 'Czas pogardy', 1995, 'Deutsch', 'FREIGEGEBEN');
INSERT INTO buch (buch_id, isbn, titel, erscheinungsjahr, sprache, freigabe_status) VALUES (169, '9780061020667', 'Wyrd Sisters', 1988, 'Deutsch', 'FREIGEGEBEN');
INSERT INTO buch (buch_id, isbn, titel, erscheinungsjahr, sprache, freigabe_status) VALUES (170, '3442470986', 'Witches Abroad', 1991, 'Deutsch', 'FREIGEGEBEN');
INSERT INTO buch (buch_id, isbn, titel, erscheinungsjahr, sprache, freigabe_status) VALUES (171, '9781473211575', 'Wieża jaskółki', 1997, 'Deutsch', 'FREIGEGEBEN');
INSERT INTO buch (buch_id, isbn, titel, erscheinungsjahr, sprache, freigabe_status) VALUES (172, '9781429951661', 'Oathbringer', 2017, 'Englisch', 'FREIGEGEBEN');
INSERT INTO buch (buch_id, isbn, titel, erscheinungsjahr, sprache, freigabe_status) VALUES (173, '9781435270305', 'Deadhouse Gates (The Malazan Book of the Fallen, Book 2)', 2000, 'Deutsch', 'FREIGEGEBEN');
INSERT INTO buch (buch_id, isbn, titel, erscheinungsjahr, sprache, freigabe_status) VALUES (174, '9781407034881', 'Lords and Ladies', 1992, 'Deutsch', 'FREIGEGEBEN');
INSERT INTO buch (buch_id, isbn, titel, erscheinungsjahr, sprache, freigabe_status) VALUES (175, '0747401012', 'The Drawing of the Three', 1987, 'Deutsch', 'FREIGEGEBEN');
INSERT INTO buch (buch_id, isbn, titel, erscheinungsjahr, sprache, freigabe_status) VALUES (176, '0553903586', 'Red Seas Under Red Skies (Gentlemen Bastards #2)', 2007, 'Englisch', 'FREIGEGEBEN');
INSERT INTO buch (buch_id, isbn, titel, erscheinungsjahr, sprache, freigabe_status) VALUES (177, '1408849623', 'Heir of Fire', 2014, 'Deutsch', 'FREIGEGEBEN');
INSERT INTO buch (buch_id, isbn, titel, erscheinungsjahr, sprache, freigabe_status) VALUES (178, '9781423389385', 'The Wise Man’s Fear', 2011, 'Englisch', 'FREIGEGEBEN');
INSERT INTO buch (buch_id, isbn, titel, erscheinungsjahr, sprache, freigabe_status) VALUES (179, '1407067133', 'House of Chains', 1998, 'Englisch', 'FREIGEGEBEN');
INSERT INTO buch (buch_id, isbn, titel, erscheinungsjahr, sprache, freigabe_status) VALUES (180, '8377850680', 'Crossroads of Twilight', 1995, 'Deutsch', 'FREIGEGEBEN');
INSERT INTO buch (buch_id, isbn, titel, erscheinungsjahr, sprache, freigabe_status) VALUES (181, '9780708881033', 'The Source of Magic', 1979, 'Englisch', 'FREIGEGEBEN');
INSERT INTO buch (buch_id, isbn, titel, erscheinungsjahr, sprache, freigabe_status) VALUES (182, '9788501106841', 'Queen of Shadows', 2015, 'Deutsch', 'FREIGEGEBEN');
INSERT INTO buch (buch_id, isbn, titel, erscheinungsjahr, sprache, freigabe_status) VALUES (183, '9783596296323', 'A Darker Shade of Magic', 2015, 'Englisch', 'FREIGEGEBEN');
INSERT INTO buch (buch_id, isbn, titel, erscheinungsjahr, sprache, freigabe_status) VALUES (184, '9789506442279', 'A Game of Thrones', 1996, 'Deutsch', 'FREIGEGEBEN');
INSERT INTO buch (buch_id, isbn, titel, erscheinungsjahr, sprache, freigabe_status) VALUES (185, '0064405370', 'The Chronicles of Narnia', 1970, 'Englisch', 'FREIGEGEBEN');
INSERT INTO buch (buch_id, isbn, titel, erscheinungsjahr, sprache, freigabe_status) VALUES (186, '9780008501839', 'Babel', 2022, 'Englisch', 'FREIGEGEBEN');
INSERT INTO buch (buch_id, isbn, titel, erscheinungsjahr, sprache, freigabe_status) VALUES (187, '0006498868', 'Mad Ship', 1999, 'Englisch', 'FREIGEGEBEN');
INSERT INTO buch (buch_id, isbn, titel, erscheinungsjahr, sprache, freigabe_status) VALUES (188, '9783453165892', 'The Light Fantastic', 1986, 'Deutsch', 'FREIGEGEBEN');
INSERT INTO buch (buch_id, isbn, titel, erscheinungsjahr, sprache, freigabe_status) VALUES (189, '6581339210', 'Rhythm of War', 2011, 'Englisch', 'FREIGEGEBEN');
INSERT INTO buch (buch_id, isbn, titel, erscheinungsjahr, sprache, freigabe_status) VALUES (190, '9780246138453', 'Belgarath the sorcerer', 1995, 'Englisch', 'FREIGEGEBEN');
INSERT INTO buch (buch_id, isbn, titel, erscheinungsjahr, sprache, freigabe_status) VALUES (191, '9788499087399', 'A Torre Negra', 1991, 'Deutsch', 'FREIGEGEBEN');
INSERT INTO buch (buch_id, isbn, titel, erscheinungsjahr, sprache, freigabe_status) VALUES (192, '6558380765', 'Good Omens', 1990, 'Deutsch', 'FREIGEGEBEN');
INSERT INTO buch (buch_id, isbn, titel, erscheinungsjahr, sprache, freigabe_status) VALUES (193, '9780575099937', 'The Fall of Hyperion', 1990, 'Englisch', 'FREIGEGEBEN');
INSERT INTO buch (buch_id, isbn, titel, erscheinungsjahr, sprache, freigabe_status) VALUES (194, '9780140051353', 'Понедельник начинается в субботу; Пикник на обочине', 1978, 'Englisch', 'FREIGEGEBEN');
INSERT INTO buch (buch_id, isbn, titel, erscheinungsjahr, sprache, freigabe_status) VALUES (195, '9861206884', 'The Dark Forest (The Three-Body Problem Series Book 2)', 2008, 'Deutsch', 'FREIGEGEBEN');
INSERT INTO buch (buch_id, isbn, titel, erscheinungsjahr, sprache, freigabe_status) VALUES (196, '0563410221', 'The Foundation Trilogy', 1950, 'Deutsch', 'FREIGEGEBEN');
INSERT INTO buch (buch_id, isbn, titel, erscheinungsjahr, sprache, freigabe_status) VALUES (197, '9782843623103', 'Nightfall', 1969, 'Englisch', 'FREIGEGEBEN');
INSERT INTO buch (buch_id, isbn, titel, erscheinungsjahr, sprache, freigabe_status) VALUES (198, '848896692X', 'The End of Eternity', 1955, 'Deutsch', 'FREIGEGEBEN');
INSERT INTO buch (buch_id, isbn, titel, erscheinungsjahr, sprache, freigabe_status) VALUES (199, '1529157463', 'Project Hail Mary', 2021, 'Deutsch', 'FREIGEGEBEN');
INSERT INTO buch (buch_id, isbn, titel, erscheinungsjahr, sprache, freigabe_status) VALUES (200, '9780671491758', 'The Mote in God''s Eye', 1974, 'Englisch', 'FREIGEGEBEN');
INSERT INTO buch (buch_id, isbn, titel, erscheinungsjahr, sprache, freigabe_status) VALUES (201, '0739433911', 'God Emperor of Dune', 1981, 'Deutsch', 'FREIGEGEBEN');
INSERT INTO buch (buch_id, isbn, titel, erscheinungsjahr, sprache, freigabe_status) VALUES (202, '8576575116', 'The Stars, Like Dust', 1951, 'Deutsch', 'FREIGEGEBEN');
INSERT INTO buch (buch_id, isbn, titel, erscheinungsjahr, sprache, freigabe_status) VALUES (203, '9780575085688', 'Altered Carbon', 2002, 'Deutsch', 'FREIGEGEBEN');
INSERT INTO buch (buch_id, isbn, titel, erscheinungsjahr, sprache, freigabe_status) VALUES (204, '9780425053140', 'Dune Messiah', 1969, 'Deutsch', 'FREIGEGEBEN');
INSERT INTO buch (buch_id, isbn, titel, erscheinungsjahr, sprache, freigabe_status) VALUES (205, '2266114018', 'Chapterhouse Dune', 1985, 'Deutsch', 'FREIGEGEBEN');
INSERT INTO buch (buch_id, isbn, titel, erscheinungsjahr, sprache, freigabe_status) VALUES (206, '9788835720010', '2001', 1968, 'Deutsch', 'FREIGEGEBEN');
INSERT INTO buch (buch_id, isbn, titel, erscheinungsjahr, sprache, freigabe_status) VALUES (207, '0091956951', 'Artemis', 2017, 'Deutsch', 'FREIGEGEBEN');
INSERT INTO buch (buch_id, isbn, titel, erscheinungsjahr, sprache, freigabe_status) VALUES (208, '9788020409980', 'Solaris', 1961, 'Deutsch', 'FREIGEGEBEN');
INSERT INTO buch (buch_id, isbn, titel, erscheinungsjahr, sprache, freigabe_status) VALUES (209, '059359973X', 'Snow Crash', 1992, 'Deutsch', 'FREIGEGEBEN');
INSERT INTO buch (buch_id, isbn, titel, erscheinungsjahr, sprache, freigabe_status) VALUES (210, '8374809000', 'Endymion', 1995, 'Deutsch', 'FREIGEGEBEN');
INSERT INTO buch (buch_id, isbn, titel, erscheinungsjahr, sprache, freigabe_status) VALUES (211, '0246123044', 'The Robots of Dawn', 1983, 'Deutsch', 'FREIGEGEBEN');
INSERT INTO buch (buch_id, isbn, titel, erscheinungsjahr, sprache, freigabe_status) VALUES (212, '8445076531', 'The Martian Chronicles', 1950, 'Deutsch', 'FREIGEGEBEN');
INSERT INTO buch (buch_id, isbn, titel, erscheinungsjahr, sprache, freigabe_status) VALUES (213, '8401941253', 'Contact', 1985, 'Englisch', 'FREIGEGEBEN');
INSERT INTO buch (buch_id, isbn, titel, erscheinungsjahr, sprache, freigabe_status) VALUES (214, '1405000198', 'Pandora''s Star', 2004, 'Deutsch', 'FREIGEGEBEN');
INSERT INTO buch (buch_id, isbn, titel, erscheinungsjahr, sprache, freigabe_status) VALUES (215, '9787555027706', 'The Long Way to a Small, Angry Planet', 2014, 'Deutsch', 'FREIGEGEBEN');
INSERT INTO buch (buch_id, isbn, titel, erscheinungsjahr, sprache, freigabe_status) VALUES (216, '0449204294', 'Lucifer''s Hammer', 1977, 'Englisch', 'FREIGEGEBEN');
INSERT INTO buch (buch_id, isbn, titel, erscheinungsjahr, sprache, freigabe_status) VALUES (217, '1515966429', 'A Closed and Common Orbit', 2016, 'Deutsch', 'FREIGEGEBEN');
INSERT INTO buch (buch_id, isbn, titel, erscheinungsjahr, sprache, freigabe_status) VALUES (218, '9780613997249', 'Heretics of Dune', 1984, 'Deutsch', 'FREIGEGEBEN');
INSERT INTO buch (buch_id, isbn, titel, erscheinungsjahr, sprache, freigabe_status) VALUES (219, '8445070800', 'Burning Chrome', 1986, 'Deutsch', 'FREIGEGEBEN');
INSERT INTO buch (buch_id, isbn, titel, erscheinungsjahr, sprache, freigabe_status) VALUES (220, '9780736628174', 'Foundation and Earth', 1986, 'Deutsch', 'FREIGEGEBEN');
INSERT INTO buch (buch_id, isbn, titel, erscheinungsjahr, sprache, freigabe_status) VALUES (221, '0886461863', 'Friday', 1982, 'Deutsch', 'FREIGEGEBEN');
INSERT INTO buch (buch_id, isbn, titel, erscheinungsjahr, sprache, freigabe_status) VALUES (222, '9788576573197', 'Robots and Empire', 1985, 'Deutsch', 'FREIGEGEBEN');
INSERT INTO buch (buch_id, isbn, titel, erscheinungsjahr, sprache, freigabe_status) VALUES (223, '9780553294385', 'Les Robots', 1950, 'Deutsch', 'FREIGEGEBEN');
INSERT INTO buch (buch_id, isbn, titel, erscheinungsjahr, sprache, freigabe_status) VALUES (224, '9784150102470', 'The Currents of Space', 1952, 'Deutsch', 'FREIGEGEBEN');
INSERT INTO buch (buch_id, isbn, titel, erscheinungsjahr, sprache, freigabe_status) VALUES (225, '9780603580697', 'Defy Me (Shatter Me)', 2019, 'Englisch', 'FREIGEGEBEN');
INSERT INTO buch (buch_id, isbn, titel, erscheinungsjahr, sprache, freigabe_status) VALUES (226, '8419260479', '三体', 2008, 'Deutsch', 'FREIGEGEBEN');
INSERT INTO buch (buch_id, isbn, titel, erscheinungsjahr, sprache, freigabe_status) VALUES (227, '1478987375', 'Ancillary Sword', 2014, 'Englisch', 'FREIGEGEBEN');
INSERT INTO buch (buch_id, isbn, titel, erscheinungsjahr, sprache, freigabe_status) VALUES (228, '8466617248', 'The Diamond Age', 1995, 'Deutsch', 'FREIGEGEBEN');
INSERT INTO buch (buch_id, isbn, titel, erscheinungsjahr, sprache, freigabe_status) VALUES (229, '9780425029459', 'Starship Troopers', 1959, 'Deutsch', 'FREIGEGEBEN');
INSERT INTO buch (buch_id, isbn, titel, erscheinungsjahr, sprache, freigabe_status) VALUES (230, '8576574470', 'The Last Colony', 2007, 'Englisch', 'FREIGEGEBEN');
INSERT INTO buch (buch_id, isbn, titel, erscheinungsjahr, sprache, freigabe_status) VALUES (231, '8854170526', 'The Martian', 2011, 'Deutsch', 'FREIGEGEBEN');
INSERT INTO buch (buch_id, isbn, titel, erscheinungsjahr, sprache, freigabe_status) VALUES (232, '9782221125779', 'A Fire upon the Deep', 1992, 'Englisch', 'FREIGEGEBEN');
INSERT INTO buch (buch_id, isbn, titel, erscheinungsjahr, sprache, freigabe_status) VALUES (233, '0312850565', 'Xenocide', 1991, 'Englisch', 'FREIGEGEBEN');
INSERT INTO buch (buch_id, isbn, titel, erscheinungsjahr, sprache, freigabe_status) VALUES (234, '9781521308578', 'Brave New World', 1932, 'Deutsch', 'FREIGEGEBEN');
INSERT INTO buch (buch_id, isbn, titel, erscheinungsjahr, sprache, freigabe_status) VALUES (235, '1491581840', 'Dawn', 1987, 'Deutsch', 'FREIGEGEBEN');
INSERT INTO buch (buch_id, isbn, titel, erscheinungsjahr, sprache, freigabe_status) VALUES (236, '9786053757740', 'Foundation and Empire', 1945, 'Deutsch', 'FREIGEGEBEN');
INSERT INTO buch (buch_id, isbn, titel, erscheinungsjahr, sprache, freigabe_status) VALUES (237, '9780060575489', 'Cryptonomicon', 1999, 'Deutsch', 'FREIGEGEBEN');
INSERT INTO buch (buch_id, isbn, titel, erscheinungsjahr, sprache, freigabe_status) VALUES (238, '9780575073388', 'The Day of the Triffids', 1951, 'Englisch', 'FREIGEGEBEN');
INSERT INTO buch (buch_id, isbn, titel, erscheinungsjahr, sprache, freigabe_status) VALUES (239, '1667300016', 'Animal Farm / Nineteen Eighty-Four', 1978, 'Englisch', 'FREIGEGEBEN');
INSERT INTO buch (buch_id, isbn, titel, erscheinungsjahr, sprache, freigabe_status) VALUES (240, '0613064054', 'The Hitch Hiker''s Guide to the Galaxy', 1979, 'Deutsch', 'FREIGEGEBEN');
INSERT INTO buch (buch_id, isbn, titel, erscheinungsjahr, sprache, freigabe_status) VALUES (241, '2221082494', 'The Difference Engine', 1990, 'Deutsch', 'FREIGEGEBEN');
INSERT INTO buch (buch_id, isbn, titel, erscheinungsjahr, sprache, freigabe_status) VALUES (242, '9780307291813', 'Works (Hitch Hiker''s Guide to the Galaxy / Restaurant at the End of the Universe / Life, the Universe and Everything / So Long, and Thanks for All the Fish / Mostly Harmless / Young Zaphod Plays it Safe)', 1996, 'Englisch', 'FREIGEGEBEN');
INSERT INTO buch (buch_id, isbn, titel, erscheinungsjahr, sprache, freigabe_status) VALUES (243, '2290312975', 'Pebble in the Sky', 1950, 'Deutsch', 'FREIGEGEBEN');
INSERT INTO buch (buch_id, isbn, titel, erscheinungsjahr, sprache, freigabe_status) VALUES (244, '9780575079090', 'The Stars My Destination', 1956, 'Englisch', 'FREIGEGEBEN');
INSERT INTO buch (buch_id, isbn, titel, erscheinungsjahr, sprache, freigabe_status) VALUES (245, '9780425040539', 'I am Legend', 1954, 'Englisch', 'FREIGEGEBEN');
INSERT INTO buch (buch_id, isbn, titel, erscheinungsjahr, sprache, freigabe_status) VALUES (246, '0061367699', 'Pyramids', 1989, 'Deutsch', 'FREIGEGEBEN');
INSERT INTO buch (buch_id, isbn, titel, erscheinungsjahr, sprache, freigabe_status) VALUES (247, '8445076043', 'Dandelion Wine', 1946, 'Deutsch', 'FREIGEGEBEN');
INSERT INTO buch (buch_id, isbn, titel, erscheinungsjahr, sprache, freigabe_status) VALUES (248, '5551162877', 'Prelude to Foundation', 1988, 'Deutsch', 'FREIGEGEBEN');
INSERT INTO buch (buch_id, isbn, titel, erscheinungsjahr, sprache, freigabe_status) VALUES (249, '9780060504007', 'The Dispossessed', 1974, 'Deutsch', 'FREIGEGEBEN');
INSERT INTO buch (buch_id, isbn, titel, erscheinungsjahr, sprache, freigabe_status) VALUES (250, '1857988515', 'A Deepness in the Sky (Zones of Thought)', 1999, 'Englisch', 'FREIGEGEBEN');
INSERT INTO buch (buch_id, isbn, titel, erscheinungsjahr, sprache, freigabe_status) VALUES (251, '9781478933779', 'Nemesis Games', 2015, 'Englisch', 'FREIGEGEBEN');
INSERT INTO buch (buch_id, isbn, titel, erscheinungsjahr, sprache, freigabe_status) VALUES (252, '3453304675', 'The Forever War', 1974, 'Deutsch', 'FREIGEGEBEN');
INSERT INTO buch (buch_id, isbn, titel, erscheinungsjahr, sprache, freigabe_status) VALUES (253, '0586056998', '2010, odyssey two', 1982, 'Englisch', 'FREIGEGEBEN');
INSERT INTO buch (buch_id, isbn, titel, erscheinungsjahr, sprache, freigabe_status) VALUES (254, '896017758X', 'Second Foundation', 1953, 'Deutsch', 'FREIGEGEBEN');
INSERT INTO buch (buch_id, isbn, titel, erscheinungsjahr, sprache, freigabe_status) VALUES (255, '9789722331562', 'The Lathe of Heaven', 1971, 'Englisch', 'FREIGEGEBEN');
INSERT INTO buch (buch_id, isbn, titel, erscheinungsjahr, sprache, freigabe_status) VALUES (256, '149732744X', 'The Gods of Mars', 1918, 'Englisch', 'FREIGEGEBEN');
INSERT INTO buch (buch_id, isbn, titel, erscheinungsjahr, sprache, freigabe_status) VALUES (257, '9788445074077', 'Virtual light', 1743, 'Deutsch', 'FREIGEGEBEN');
INSERT INTO buch (buch_id, isbn, titel, erscheinungsjahr, sprache, freigabe_status) VALUES (258, '0754009513', 'The Restaurant at the End of the Universe', 1980, 'Deutsch', 'FREIGEGEBEN');
INSERT INTO buch (buch_id, isbn, titel, erscheinungsjahr, sprache, freigabe_status) VALUES (259, '9780385294218', 'The Sirens of Titan', 1959, 'Englisch', 'FREIGEGEBEN');
INSERT INTO buch (buch_id, isbn, titel, erscheinungsjahr, sprache, freigabe_status) VALUES (260, '9781549153075', 'Abaddon’s Gate', 2013, 'Englisch', 'FREIGEGEBEN');
INSERT INTO buch (buch_id, isbn, titel, erscheinungsjahr, sprache, freigabe_status) VALUES (261, '9787547739792', 'Blindsight', 2006, 'Englisch', 'FREIGEGEBEN');
INSERT INTO buch (buch_id, isbn, titel, erscheinungsjahr, sprache, freigabe_status) VALUES (262, '9788445077580', 'The Illustrated Man', 1951, 'Deutsch', 'FREIGEGEBEN');
INSERT INTO buch (buch_id, isbn, titel, erscheinungsjahr, sprache, freigabe_status) VALUES (263, '8375105686', 'The Man in the High Castle', 1962, 'Deutsch', 'FREIGEGEBEN');
INSERT INTO buch (buch_id, isbn, titel, erscheinungsjahr, sprache, freigabe_status) VALUES (264, '226608397X', 'The Rise of Endymion', 1997, 'Englisch', 'FREIGEGEBEN');
INSERT INTO buch (buch_id, isbn, titel, erscheinungsjahr, sprache, freigabe_status) VALUES (265, '9788412104356', 'This is How You Lose the Time War', 2019, 'Deutsch', 'FREIGEGEBEN');
INSERT INTO buch (buch_id, isbn, titel, erscheinungsjahr, sprache, freigabe_status) VALUES (266, '9783453186859', 'Children of Dune', 1976, 'Deutsch', 'FREIGEGEBEN');
INSERT INTO buch (buch_id, isbn, titel, erscheinungsjahr, sprache, freigabe_status) VALUES (267, '9781932076400', 'Have Spacesuit--Will Travel', 1958, 'Englisch', 'FREIGEGEBEN');
INSERT INTO buch (buch_id, isbn, titel, erscheinungsjahr, sprache, freigabe_status) VALUES (268, '1299899706', 'A Scanner Darkly', 1977, 'Deutsch', 'FREIGEGEBEN');
INSERT INTO buch (buch_id, isbn, titel, erscheinungsjahr, sprache, freigabe_status) VALUES (269, '9781529034608', 'The Salmon of Doubt', 1995, 'Deutsch', 'FREIGEGEBEN');
INSERT INTO buch (buch_id, isbn, titel, erscheinungsjahr, sprache, freigabe_status) VALUES (270, '0316030570', 'Use of Weapons', 1990, 'Englisch', 'FREIGEGEBEN');
INSERT INTO buch (buch_id, isbn, titel, erscheinungsjahr, sprache, freigabe_status) VALUES (271, '9788476603819', 'Rocannon''s World', 1966, 'Deutsch', 'FREIGEGEBEN');
INSERT INTO buch (buch_id, isbn, titel, erscheinungsjahr, sprache, freigabe_status) VALUES (272, '0449130703', 'The Number of the Beast', 1980, 'Englisch', 'FREIGEGEBEN');
INSERT INTO buch (buch_id, isbn, titel, erscheinungsjahr, sprache, freigabe_status) VALUES (273, '9780345341679', 'The White Dragon', 1978, 'Deutsch', 'FREIGEGEBEN');
INSERT INTO buch (buch_id, isbn, titel, erscheinungsjahr, sprache, freigabe_status) VALUES (274, '1515447324', 'The Secret of Chimneys', 1925, 'Deutsch', 'FREIGEGEBEN');
INSERT INTO buch (buch_id, isbn, titel, erscheinungsjahr, sprache, freigabe_status) VALUES (275, '9798352831533', 'Never Lie', 2022, 'Englisch', 'FREIGEGEBEN');
INSERT INTO buch (buch_id, isbn, titel, erscheinungsjahr, sprache, freigabe_status) VALUES (276, '9781611733730', 'At Bertram''s Hotel', 1965, 'Deutsch', 'FREIGEGEBEN');
INSERT INTO buch (buch_id, isbn, titel, erscheinungsjahr, sprache, freigabe_status) VALUES (277, '9780816191048', '4:50 from Paddington', 1957, 'Deutsch', 'FREIGEGEBEN');
INSERT INTO buch (buch_id, isbn, titel, erscheinungsjahr, sprache, freigabe_status) VALUES (278, '0140038043', 'The Mirror Crack''d from Side to Side', 1960, 'Deutsch', 'FREIGEGEBEN');
INSERT INTO buch (buch_id, isbn, titel, erscheinungsjahr, sprache, freigabe_status) VALUES (279, '0063352133', 'Hallowe''en Party', 1969, 'Deutsch', 'FREIGEGEBEN');
INSERT INTO buch (buch_id, isbn, titel, erscheinungsjahr, sprache, freigabe_status) VALUES (280, '1990089747', 'The Big Four', 1927, 'Deutsch', 'FREIGEGEBEN');
INSERT INTO buch (buch_id, isbn, titel, erscheinungsjahr, sprache, freigabe_status) VALUES (281, '1504762266', 'After the Funeral', 1953, 'Deutsch', 'FREIGEGEBEN');
INSERT INTO buch (buch_id, isbn, titel, erscheinungsjahr, sprache, freigabe_status) VALUES (282, '2702400760', 'They Do It with Mirrors', 1952, 'Deutsch', 'FREIGEGEBEN');
INSERT INTO buch (buch_id, isbn, titel, erscheinungsjahr, sprache, freigabe_status) VALUES (283, '9780448490052', 'The Hidden Staircase', 1930, 'Deutsch', 'FREIGEGEBEN');
INSERT INTO buch (buch_id, isbn, titel, erscheinungsjahr, sprache, freigabe_status) VALUES (284, '0854563261', 'Murder in Three Acts', 1934, 'Deutsch', 'FREIGEGEBEN');
INSERT INTO buch (buch_id, isbn, titel, erscheinungsjahr, sprache, freigabe_status) VALUES (285, '1774378612', 'Poirot investigates', 1924, 'Deutsch', 'FREIGEGEBEN');
INSERT INTO buch (buch_id, isbn, titel, erscheinungsjahr, sprache, freigabe_status) VALUES (286, '9789953300191', 'The Murder of Roger Ackroyd', 1926, 'Deutsch', 'FREIGEGEBEN');
INSERT INTO buch (buch_id, isbn, titel, erscheinungsjahr, sprache, freigabe_status) VALUES (287, '0394721365', 'The Big Sleep', 1939, 'Deutsch', 'FREIGEGEBEN');
INSERT INTO buch (buch_id, isbn, titel, erscheinungsjahr, sprache, freigabe_status) VALUES (288, '9752109519', 'Sleeping Murder', 1940, 'Deutsch', 'FREIGEGEBEN');
INSERT INTO buch (buch_id, isbn, titel, erscheinungsjahr, sprache, freigabe_status) VALUES (289, '9780006170051', 'Nemesis', 1970, 'Deutsch', 'FREIGEGEBEN');
INSERT INTO buch (buch_id, isbn, titel, erscheinungsjahr, sprache, freigabe_status) VALUES (290, '9997508750', 'Five Little Pigs', 1942, 'Deutsch', 'FREIGEGEBEN');
INSERT INTO buch (buch_id, isbn, titel, erscheinungsjahr, sprache, freigabe_status) VALUES (291, '9781464221354', 'The Locked Door', 2021, 'Englisch', 'FREIGEGEBEN');
INSERT INTO buch (buch_id, isbn, titel, erscheinungsjahr, sprache, freigabe_status) VALUES (292, '9798749757354', 'The Sign of Four', 1889, 'Deutsch', 'FREIGEGEBEN');
INSERT INTO buch (buch_id, isbn, titel, erscheinungsjahr, sprache, freigabe_status) VALUES (293, '0671418459', 'Crooked House', 1949, 'Deutsch', 'FREIGEGEBEN');
INSERT INTO buch (buch_id, isbn, titel, erscheinungsjahr, sprache, freigabe_status) VALUES (294, '2702478611', 'Peril at End House', 1932, 'Deutsch', 'FREIGEGEBEN');
INSERT INTO buch (buch_id, isbn, titel, erscheinungsjahr, sprache, freigabe_status) VALUES (295, '1420519425', 'The Inmate', 2022, 'Englisch', 'FREIGEGEBEN');
INSERT INTO buch (buch_id, isbn, titel, erscheinungsjahr, sprache, freigabe_status) VALUES (296, '9788804507703', 'The Murder at the Vicarage', 1930, 'Deutsch', 'FREIGEGEBEN');
INSERT INTO buch (buch_id, isbn, titel, erscheinungsjahr, sprache, freigabe_status) VALUES (297, '3596169909', 'Mrs. McGinty''s Dead', 1951, 'Englisch', 'FREIGEGEBEN');
INSERT INTO buch (buch_id, isbn, titel, erscheinungsjahr, sprache, freigabe_status) VALUES (298, '9781774260739', 'His Last Bow [8 stories]', 1917, 'Deutsch', 'FREIGEGEBEN');
INSERT INTO buch (buch_id, isbn, titel, erscheinungsjahr, sprache, freigabe_status) VALUES (299, '0062490370', 'And Then There Were None', 1939, 'Deutsch', 'FREIGEGEBEN');
INSERT INTO buch (buch_id, isbn, titel, erscheinungsjahr, sprache, freigabe_status) VALUES (300, '9780792708537', 'The Red House Mystery', 1922, 'Englisch', 'FREIGEGEBEN');

COMMIT;


-- =============================================================
-- 8. BUCH_AUTOR
-- =============================================================

INSERT INTO buch_autor (buch_id, autor_id) VALUES (1, 1);
INSERT INTO buch_autor (buch_id, autor_id) VALUES (2, 2);
INSERT INTO buch_autor (buch_id, autor_id) VALUES (3, 3);
INSERT INTO buch_autor (buch_id, autor_id) VALUES (4, 4);
INSERT INTO buch_autor (buch_id, autor_id) VALUES (5, 5);
INSERT INTO buch_autor (buch_id, autor_id) VALUES (6, 6);
INSERT INTO buch_autor (buch_id, autor_id) VALUES (7, 7);
INSERT INTO buch_autor (buch_id, autor_id) VALUES (8, 8);
INSERT INTO buch_autor (buch_id, autor_id) VALUES (9, 9);
INSERT INTO buch_autor (buch_id, autor_id) VALUES (10, 10);
INSERT INTO buch_autor (buch_id, autor_id) VALUES (11, 3);
INSERT INTO buch_autor (buch_id, autor_id) VALUES (12, 11);
INSERT INTO buch_autor (buch_id, autor_id) VALUES (13, 1);
INSERT INTO buch_autor (buch_id, autor_id) VALUES (14, 12);
INSERT INTO buch_autor (buch_id, autor_id) VALUES (15, 8);
INSERT INTO buch_autor (buch_id, autor_id) VALUES (16, 13);
INSERT INTO buch_autor (buch_id, autor_id) VALUES (17, 14);
INSERT INTO buch_autor (buch_id, autor_id) VALUES (18, 15);
INSERT INTO buch_autor (buch_id, autor_id) VALUES (19, 16);
INSERT INTO buch_autor (buch_id, autor_id) VALUES (20, 16);
INSERT INTO buch_autor (buch_id, autor_id) VALUES (21, 17);
INSERT INTO buch_autor (buch_id, autor_id) VALUES (22, 18);
INSERT INTO buch_autor (buch_id, autor_id) VALUES (23, 19);
INSERT INTO buch_autor (buch_id, autor_id) VALUES (24, 20);
INSERT INTO buch_autor (buch_id, autor_id) VALUES (25, 21);
INSERT INTO buch_autor (buch_id, autor_id) VALUES (26, 22);
INSERT INTO buch_autor (buch_id, autor_id) VALUES (27, 23);
INSERT INTO buch_autor (buch_id, autor_id) VALUES (28, 24);
INSERT INTO buch_autor (buch_id, autor_id) VALUES (29, 25);
INSERT INTO buch_autor (buch_id, autor_id) VALUES (30, 26);
INSERT INTO buch_autor (buch_id, autor_id) VALUES (31, 27);
INSERT INTO buch_autor (buch_id, autor_id) VALUES (32, 28);
INSERT INTO buch_autor (buch_id, autor_id) VALUES (33, 29);
INSERT INTO buch_autor (buch_id, autor_id) VALUES (33, 30);
INSERT INTO buch_autor (buch_id, autor_id) VALUES (33, 31);
INSERT INTO buch_autor (buch_id, autor_id) VALUES (34, 32);
INSERT INTO buch_autor (buch_id, autor_id) VALUES (35, 33);
INSERT INTO buch_autor (buch_id, autor_id) VALUES (35, 34);
INSERT INTO buch_autor (buch_id, autor_id) VALUES (35, 35);
INSERT INTO buch_autor (buch_id, autor_id) VALUES (35, 36);
INSERT INTO buch_autor (buch_id, autor_id) VALUES (35, 37);
INSERT INTO buch_autor (buch_id, autor_id) VALUES (36, 38);
INSERT INTO buch_autor (buch_id, autor_id) VALUES (37, 39);
INSERT INTO buch_autor (buch_id, autor_id) VALUES (37, 40);
INSERT INTO buch_autor (buch_id, autor_id) VALUES (37, 41);
INSERT INTO buch_autor (buch_id, autor_id) VALUES (38, 22);
INSERT INTO buch_autor (buch_id, autor_id) VALUES (39, 38);
INSERT INTO buch_autor (buch_id, autor_id) VALUES (40, 42);
INSERT INTO buch_autor (buch_id, autor_id) VALUES (41, 43);
INSERT INTO buch_autor (buch_id, autor_id) VALUES (42, 44);
INSERT INTO buch_autor (buch_id, autor_id) VALUES (43, 45);
INSERT INTO buch_autor (buch_id, autor_id) VALUES (44, 46);
INSERT INTO buch_autor (buch_id, autor_id) VALUES (45, 7);
INSERT INTO buch_autor (buch_id, autor_id) VALUES (46, 3);
INSERT INTO buch_autor (buch_id, autor_id) VALUES (47, 8);
INSERT INTO buch_autor (buch_id, autor_id) VALUES (48, 47);
INSERT INTO buch_autor (buch_id, autor_id) VALUES (49, 48);
INSERT INTO buch_autor (buch_id, autor_id) VALUES (50, 27);
INSERT INTO buch_autor (buch_id, autor_id) VALUES (51, 23);
INSERT INTO buch_autor (buch_id, autor_id) VALUES (52, 49);
INSERT INTO buch_autor (buch_id, autor_id) VALUES (53, 6);
INSERT INTO buch_autor (buch_id, autor_id) VALUES (54, 33);
INSERT INTO buch_autor (buch_id, autor_id) VALUES (55, 50);
INSERT INTO buch_autor (buch_id, autor_id) VALUES (56, 51);
INSERT INTO buch_autor (buch_id, autor_id) VALUES (57, 5);
INSERT INTO buch_autor (buch_id, autor_id) VALUES (58, 22);
INSERT INTO buch_autor (buch_id, autor_id) VALUES (59, 52);
INSERT INTO buch_autor (buch_id, autor_id) VALUES (60, 6);
INSERT INTO buch_autor (buch_id, autor_id) VALUES (61, 53);
INSERT INTO buch_autor (buch_id, autor_id) VALUES (62, 54);
INSERT INTO buch_autor (buch_id, autor_id) VALUES (63, 55);
INSERT INTO buch_autor (buch_id, autor_id) VALUES (64, 56);
INSERT INTO buch_autor (buch_id, autor_id) VALUES (65, 7);
INSERT INTO buch_autor (buch_id, autor_id) VALUES (66, 57);
INSERT INTO buch_autor (buch_id, autor_id) VALUES (67, 58);
INSERT INTO buch_autor (buch_id, autor_id) VALUES (68, 59);
INSERT INTO buch_autor (buch_id, autor_id) VALUES (69, 56);
INSERT INTO buch_autor (buch_id, autor_id) VALUES (70, 60);
INSERT INTO buch_autor (buch_id, autor_id) VALUES (71, 61);
INSERT INTO buch_autor (buch_id, autor_id) VALUES (72, 62);
INSERT INTO buch_autor (buch_id, autor_id) VALUES (73, 63);
INSERT INTO buch_autor (buch_id, autor_id) VALUES (74, 64);
INSERT INTO buch_autor (buch_id, autor_id) VALUES (75, 1);
INSERT INTO buch_autor (buch_id, autor_id) VALUES (76, 65);
INSERT INTO buch_autor (buch_id, autor_id) VALUES (77, 55);
INSERT INTO buch_autor (buch_id, autor_id) VALUES (78, 66);
INSERT INTO buch_autor (buch_id, autor_id) VALUES (79, 67);
INSERT INTO buch_autor (buch_id, autor_id) VALUES (80, 16);
INSERT INTO buch_autor (buch_id, autor_id) VALUES (81, 43);
INSERT INTO buch_autor (buch_id, autor_id) VALUES (82, 55);
INSERT INTO buch_autor (buch_id, autor_id) VALUES (83, 68);
INSERT INTO buch_autor (buch_id, autor_id) VALUES (84, 69);
INSERT INTO buch_autor (buch_id, autor_id) VALUES (85, 70);
INSERT INTO buch_autor (buch_id, autor_id) VALUES (86, 71);
INSERT INTO buch_autor (buch_id, autor_id) VALUES (87, 72);
INSERT INTO buch_autor (buch_id, autor_id) VALUES (88, 73);
INSERT INTO buch_autor (buch_id, autor_id) VALUES (89, 74);
INSERT INTO buch_autor (buch_id, autor_id) VALUES (90, 75);
INSERT INTO buch_autor (buch_id, autor_id) VALUES (90, 76);
INSERT INTO buch_autor (buch_id, autor_id) VALUES (90, 77);
INSERT INTO buch_autor (buch_id, autor_id) VALUES (90, 78);
INSERT INTO buch_autor (buch_id, autor_id) VALUES (91, 79);
INSERT INTO buch_autor (buch_id, autor_id) VALUES (92, 80);
INSERT INTO buch_autor (buch_id, autor_id) VALUES (92, 81);
INSERT INTO buch_autor (buch_id, autor_id) VALUES (93, 3);
INSERT INTO buch_autor (buch_id, autor_id) VALUES (94, 82);
INSERT INTO buch_autor (buch_id, autor_id) VALUES (95, 83);
INSERT INTO buch_autor (buch_id, autor_id) VALUES (96, 84);
INSERT INTO buch_autor (buch_id, autor_id) VALUES (97, 48);
INSERT INTO buch_autor (buch_id, autor_id) VALUES (98, 85);
INSERT INTO buch_autor (buch_id, autor_id) VALUES (99, 86);
INSERT INTO buch_autor (buch_id, autor_id) VALUES (100, 49);
INSERT INTO buch_autor (buch_id, autor_id) VALUES (101, 87);
INSERT INTO buch_autor (buch_id, autor_id) VALUES (102, 88);
INSERT INTO buch_autor (buch_id, autor_id) VALUES (103, 89);
INSERT INTO buch_autor (buch_id, autor_id) VALUES (104, 90);
INSERT INTO buch_autor (buch_id, autor_id) VALUES (105, 91);
INSERT INTO buch_autor (buch_id, autor_id) VALUES (105, 92);
INSERT INTO buch_autor (buch_id, autor_id) VALUES (106, 93);
INSERT INTO buch_autor (buch_id, autor_id) VALUES (106, 94);
INSERT INTO buch_autor (buch_id, autor_id) VALUES (107, 95);
INSERT INTO buch_autor (buch_id, autor_id) VALUES (108, 95);
INSERT INTO buch_autor (buch_id, autor_id) VALUES (109, 87);
INSERT INTO buch_autor (buch_id, autor_id) VALUES (110, 96);
INSERT INTO buch_autor (buch_id, autor_id) VALUES (110, 97);
INSERT INTO buch_autor (buch_id, autor_id) VALUES (111, 87);
INSERT INTO buch_autor (buch_id, autor_id) VALUES (112, 87);
INSERT INTO buch_autor (buch_id, autor_id) VALUES (113, 98);
INSERT INTO buch_autor (buch_id, autor_id) VALUES (114, 99);
INSERT INTO buch_autor (buch_id, autor_id) VALUES (115, 100);
INSERT INTO buch_autor (buch_id, autor_id) VALUES (116, 101);
INSERT INTO buch_autor (buch_id, autor_id) VALUES (117, 95);
INSERT INTO buch_autor (buch_id, autor_id) VALUES (118, 91);
INSERT INTO buch_autor (buch_id, autor_id) VALUES (119, 102);
INSERT INTO buch_autor (buch_id, autor_id) VALUES (120, 103);
INSERT INTO buch_autor (buch_id, autor_id) VALUES (121, 87);
INSERT INTO buch_autor (buch_id, autor_id) VALUES (122, 95);
INSERT INTO buch_autor (buch_id, autor_id) VALUES (123, 70);
INSERT INTO buch_autor (buch_id, autor_id) VALUES (124, 99);
INSERT INTO buch_autor (buch_id, autor_id) VALUES (125, 22);
INSERT INTO buch_autor (buch_id, autor_id) VALUES (126, 91);
INSERT INTO buch_autor (buch_id, autor_id) VALUES (126, 92);
INSERT INTO buch_autor (buch_id, autor_id) VALUES (127, 89);
INSERT INTO buch_autor (buch_id, autor_id) VALUES (128, 100);
INSERT INTO buch_autor (buch_id, autor_id) VALUES (128, 104);
INSERT INTO buch_autor (buch_id, autor_id) VALUES (129, 95);
INSERT INTO buch_autor (buch_id, autor_id) VALUES (130, 105);
INSERT INTO buch_autor (buch_id, autor_id) VALUES (131, 103);
INSERT INTO buch_autor (buch_id, autor_id) VALUES (132, 106);
INSERT INTO buch_autor (buch_id, autor_id) VALUES (133, 14);
INSERT INTO buch_autor (buch_id, autor_id) VALUES (134, 87);
INSERT INTO buch_autor (buch_id, autor_id) VALUES (135, 83);
INSERT INTO buch_autor (buch_id, autor_id) VALUES (136, 107);
INSERT INTO buch_autor (buch_id, autor_id) VALUES (137, 108);
INSERT INTO buch_autor (buch_id, autor_id) VALUES (138, 96);
INSERT INTO buch_autor (buch_id, autor_id) VALUES (139, 106);
INSERT INTO buch_autor (buch_id, autor_id) VALUES (140, 109);
INSERT INTO buch_autor (buch_id, autor_id) VALUES (141, 86);
INSERT INTO buch_autor (buch_id, autor_id) VALUES (142, 110);
INSERT INTO buch_autor (buch_id, autor_id) VALUES (143, 95);
INSERT INTO buch_autor (buch_id, autor_id) VALUES (144, 96);
INSERT INTO buch_autor (buch_id, autor_id) VALUES (145, 26);
INSERT INTO buch_autor (buch_id, autor_id) VALUES (146, 22);
INSERT INTO buch_autor (buch_id, autor_id) VALUES (147, 107);
INSERT INTO buch_autor (buch_id, autor_id) VALUES (148, 38);
INSERT INTO buch_autor (buch_id, autor_id) VALUES (149, 96);
INSERT INTO buch_autor (buch_id, autor_id) VALUES (150, 96);
INSERT INTO buch_autor (buch_id, autor_id) VALUES (151, 111);
INSERT INTO buch_autor (buch_id, autor_id) VALUES (152, 107);
INSERT INTO buch_autor (buch_id, autor_id) VALUES (153, 112);
INSERT INTO buch_autor (buch_id, autor_id) VALUES (154, 95);
INSERT INTO buch_autor (buch_id, autor_id) VALUES (155, 113);
INSERT INTO buch_autor (buch_id, autor_id) VALUES (156, 38);
INSERT INTO buch_autor (buch_id, autor_id) VALUES (157, 99);
INSERT INTO buch_autor (buch_id, autor_id) VALUES (158, 89);
INSERT INTO buch_autor (buch_id, autor_id) VALUES (159, 114);
INSERT INTO buch_autor (buch_id, autor_id) VALUES (160, 95);
INSERT INTO buch_autor (buch_id, autor_id) VALUES (161, 108);
INSERT INTO buch_autor (buch_id, autor_id) VALUES (162, 107);
INSERT INTO buch_autor (buch_id, autor_id) VALUES (163, 99);
INSERT INTO buch_autor (buch_id, autor_id) VALUES (164, 115);
INSERT INTO buch_autor (buch_id, autor_id) VALUES (165, 116);
INSERT INTO buch_autor (buch_id, autor_id) VALUES (165, 117);
INSERT INTO buch_autor (buch_id, autor_id) VALUES (165, 118);
INSERT INTO buch_autor (buch_id, autor_id) VALUES (166, 70);
INSERT INTO buch_autor (buch_id, autor_id) VALUES (167, 22);
INSERT INTO buch_autor (buch_id, autor_id) VALUES (168, 91);
INSERT INTO buch_autor (buch_id, autor_id) VALUES (168, 119);
INSERT INTO buch_autor (buch_id, autor_id) VALUES (169, 96);
INSERT INTO buch_autor (buch_id, autor_id) VALUES (170, 96);
INSERT INTO buch_autor (buch_id, autor_id) VALUES (171, 91);
INSERT INTO buch_autor (buch_id, autor_id) VALUES (171, 120);
INSERT INTO buch_autor (buch_id, autor_id) VALUES (172, 87);
INSERT INTO buch_autor (buch_id, autor_id) VALUES (173, 101);
INSERT INTO buch_autor (buch_id, autor_id) VALUES (174, 96);
INSERT INTO buch_autor (buch_id, autor_id) VALUES (175, 22);
INSERT INTO buch_autor (buch_id, autor_id) VALUES (176, 88);
INSERT INTO buch_autor (buch_id, autor_id) VALUES (177, 89);
INSERT INTO buch_autor (buch_id, autor_id) VALUES (178, 121);
INSERT INTO buch_autor (buch_id, autor_id) VALUES (179, 101);
INSERT INTO buch_autor (buch_id, autor_id) VALUES (180, 95);
INSERT INTO buch_autor (buch_id, autor_id) VALUES (181, 108);
INSERT INTO buch_autor (buch_id, autor_id) VALUES (182, 89);
INSERT INTO buch_autor (buch_id, autor_id) VALUES (183, 112);
INSERT INTO buch_autor (buch_id, autor_id) VALUES (184, 110);
INSERT INTO buch_autor (buch_id, autor_id) VALUES (185, 114);
INSERT INTO buch_autor (buch_id, autor_id) VALUES (186, 93);
INSERT INTO buch_autor (buch_id, autor_id) VALUES (187, 103);
INSERT INTO buch_autor (buch_id, autor_id) VALUES (188, 96);
INSERT INTO buch_autor (buch_id, autor_id) VALUES (188, 122);
INSERT INTO buch_autor (buch_id, autor_id) VALUES (189, 87);
INSERT INTO buch_autor (buch_id, autor_id) VALUES (190, 100);
INSERT INTO buch_autor (buch_id, autor_id) VALUES (191, 22);
INSERT INTO buch_autor (buch_id, autor_id) VALUES (192, 86);
INSERT INTO buch_autor (buch_id, autor_id) VALUES (192, 96);
INSERT INTO buch_autor (buch_id, autor_id) VALUES (193, 123);
INSERT INTO buch_autor (buch_id, autor_id) VALUES (194, 124);
INSERT INTO buch_autor (buch_id, autor_id) VALUES (194, 125);
INSERT INTO buch_autor (buch_id, autor_id) VALUES (195, 69);
INSERT INTO buch_autor (buch_id, autor_id) VALUES (196, 55);
INSERT INTO buch_autor (buch_id, autor_id) VALUES (197, 55);
INSERT INTO buch_autor (buch_id, autor_id) VALUES (198, 55);
INSERT INTO buch_autor (buch_id, autor_id) VALUES (199, 126);
INSERT INTO buch_autor (buch_id, autor_id) VALUES (200, 127);
INSERT INTO buch_autor (buch_id, autor_id) VALUES (200, 128);
INSERT INTO buch_autor (buch_id, autor_id) VALUES (200, 129);
INSERT INTO buch_autor (buch_id, autor_id) VALUES (201, 62);
INSERT INTO buch_autor (buch_id, autor_id) VALUES (202, 55);
INSERT INTO buch_autor (buch_id, autor_id) VALUES (203, 130);
INSERT INTO buch_autor (buch_id, autor_id) VALUES (204, 62);
INSERT INTO buch_autor (buch_id, autor_id) VALUES (205, 62);
INSERT INTO buch_autor (buch_id, autor_id) VALUES (206, 131);
INSERT INTO buch_autor (buch_id, autor_id) VALUES (207, 126);
INSERT INTO buch_autor (buch_id, autor_id) VALUES (208, 132);
INSERT INTO buch_autor (buch_id, autor_id) VALUES (209, 133);
INSERT INTO buch_autor (buch_id, autor_id) VALUES (210, 123);
INSERT INTO buch_autor (buch_id, autor_id) VALUES (211, 55);
INSERT INTO buch_autor (buch_id, autor_id) VALUES (212, 82);
INSERT INTO buch_autor (buch_id, autor_id) VALUES (213, 134);
INSERT INTO buch_autor (buch_id, autor_id) VALUES (214, 135);
INSERT INTO buch_autor (buch_id, autor_id) VALUES (215, 136);
INSERT INTO buch_autor (buch_id, autor_id) VALUES (216, 127);
INSERT INTO buch_autor (buch_id, autor_id) VALUES (216, 128);
INSERT INTO buch_autor (buch_id, autor_id) VALUES (217, 136);
INSERT INTO buch_autor (buch_id, autor_id) VALUES (218, 62);
INSERT INTO buch_autor (buch_id, autor_id) VALUES (219, 137);
INSERT INTO buch_autor (buch_id, autor_id) VALUES (220, 55);
INSERT INTO buch_autor (buch_id, autor_id) VALUES (221, 138);
INSERT INTO buch_autor (buch_id, autor_id) VALUES (222, 55);
INSERT INTO buch_autor (buch_id, autor_id) VALUES (223, 55);
INSERT INTO buch_autor (buch_id, autor_id) VALUES (224, 55);
INSERT INTO buch_autor (buch_id, autor_id) VALUES (225, 3);
INSERT INTO buch_autor (buch_id, autor_id) VALUES (226, 69);
INSERT INTO buch_autor (buch_id, autor_id) VALUES (226, 139);
INSERT INTO buch_autor (buch_id, autor_id) VALUES (226, 140);
INSERT INTO buch_autor (buch_id, autor_id) VALUES (226, 141);
INSERT INTO buch_autor (buch_id, autor_id) VALUES (227, 142);
INSERT INTO buch_autor (buch_id, autor_id) VALUES (228, 133);
INSERT INTO buch_autor (buch_id, autor_id) VALUES (229, 138);
INSERT INTO buch_autor (buch_id, autor_id) VALUES (230, 143);
INSERT INTO buch_autor (buch_id, autor_id) VALUES (231, 126);
INSERT INTO buch_autor (buch_id, autor_id) VALUES (232, 144);
INSERT INTO buch_autor (buch_id, autor_id) VALUES (233, 145);
INSERT INTO buch_autor (buch_id, autor_id) VALUES (234, 146);
INSERT INTO buch_autor (buch_id, autor_id) VALUES (235, 80);
INSERT INTO buch_autor (buch_id, autor_id) VALUES (235, 147);
INSERT INTO buch_autor (buch_id, autor_id) VALUES (236, 55);
INSERT INTO buch_autor (buch_id, autor_id) VALUES (237, 133);
INSERT INTO buch_autor (buch_id, autor_id) VALUES (238, 148);
INSERT INTO buch_autor (buch_id, autor_id) VALUES (238, 149);
INSERT INTO buch_autor (buch_id, autor_id) VALUES (238, 150);
INSERT INTO buch_autor (buch_id, autor_id) VALUES (239, 67);
INSERT INTO buch_autor (buch_id, autor_id) VALUES (240, 151);
INSERT INTO buch_autor (buch_id, autor_id) VALUES (241, 137);
INSERT INTO buch_autor (buch_id, autor_id) VALUES (241, 152);
INSERT INTO buch_autor (buch_id, autor_id) VALUES (242, 151);
INSERT INTO buch_autor (buch_id, autor_id) VALUES (243, 55);
INSERT INTO buch_autor (buch_id, autor_id) VALUES (244, 153);
INSERT INTO buch_autor (buch_id, autor_id) VALUES (245, 154);
INSERT INTO buch_autor (buch_id, autor_id) VALUES (246, 96);
INSERT INTO buch_autor (buch_id, autor_id) VALUES (247, 82);
INSERT INTO buch_autor (buch_id, autor_id) VALUES (248, 55);
INSERT INTO buch_autor (buch_id, autor_id) VALUES (249, 14);
INSERT INTO buch_autor (buch_id, autor_id) VALUES (250, 144);
INSERT INTO buch_autor (buch_id, autor_id) VALUES (251, 155);
INSERT INTO buch_autor (buch_id, autor_id) VALUES (252, 156);
INSERT INTO buch_autor (buch_id, autor_id) VALUES (253, 131);
INSERT INTO buch_autor (buch_id, autor_id) VALUES (254, 55);
INSERT INTO buch_autor (buch_id, autor_id) VALUES (255, 14);
INSERT INTO buch_autor (buch_id, autor_id) VALUES (256, 20);
INSERT INTO buch_autor (buch_id, autor_id) VALUES (257, 137);
INSERT INTO buch_autor (buch_id, autor_id) VALUES (258, 151);
INSERT INTO buch_autor (buch_id, autor_id) VALUES (259, 157);
INSERT INTO buch_autor (buch_id, autor_id) VALUES (260, 155);
INSERT INTO buch_autor (buch_id, autor_id) VALUES (261, 158);
INSERT INTO buch_autor (buch_id, autor_id) VALUES (262, 82);
INSERT INTO buch_autor (buch_id, autor_id) VALUES (263, 60);
INSERT INTO buch_autor (buch_id, autor_id) VALUES (264, 123);
INSERT INTO buch_autor (buch_id, autor_id) VALUES (265, 159);
INSERT INTO buch_autor (buch_id, autor_id) VALUES (265, 160);
INSERT INTO buch_autor (buch_id, autor_id) VALUES (266, 62);
INSERT INTO buch_autor (buch_id, autor_id) VALUES (267, 138);
INSERT INTO buch_autor (buch_id, autor_id) VALUES (268, 60);
INSERT INTO buch_autor (buch_id, autor_id) VALUES (269, 151);
INSERT INTO buch_autor (buch_id, autor_id) VALUES (270, 161);
INSERT INTO buch_autor (buch_id, autor_id) VALUES (271, 14);
INSERT INTO buch_autor (buch_id, autor_id) VALUES (272, 138);
INSERT INTO buch_autor (buch_id, autor_id) VALUES (273, 162);
INSERT INTO buch_autor (buch_id, autor_id) VALUES (274, 49);
INSERT INTO buch_autor (buch_id, autor_id) VALUES (275, 163);
INSERT INTO buch_autor (buch_id, autor_id) VALUES (276, 49);
INSERT INTO buch_autor (buch_id, autor_id) VALUES (277, 49);
INSERT INTO buch_autor (buch_id, autor_id) VALUES (278, 49);
INSERT INTO buch_autor (buch_id, autor_id) VALUES (279, 49);
INSERT INTO buch_autor (buch_id, autor_id) VALUES (280, 49);
INSERT INTO buch_autor (buch_id, autor_id) VALUES (281, 49);
INSERT INTO buch_autor (buch_id, autor_id) VALUES (282, 49);
INSERT INTO buch_autor (buch_id, autor_id) VALUES (283, 164);
INSERT INTO buch_autor (buch_id, autor_id) VALUES (284, 49);
INSERT INTO buch_autor (buch_id, autor_id) VALUES (285, 49);
INSERT INTO buch_autor (buch_id, autor_id) VALUES (286, 49);
INSERT INTO buch_autor (buch_id, autor_id) VALUES (287, 165);
INSERT INTO buch_autor (buch_id, autor_id) VALUES (288, 49);
INSERT INTO buch_autor (buch_id, autor_id) VALUES (289, 49);
INSERT INTO buch_autor (buch_id, autor_id) VALUES (290, 49);
INSERT INTO buch_autor (buch_id, autor_id) VALUES (291, 163);
INSERT INTO buch_autor (buch_id, autor_id) VALUES (292, 45);
INSERT INTO buch_autor (buch_id, autor_id) VALUES (293, 49);
INSERT INTO buch_autor (buch_id, autor_id) VALUES (294, 49);
INSERT INTO buch_autor (buch_id, autor_id) VALUES (295, 163);
INSERT INTO buch_autor (buch_id, autor_id) VALUES (296, 49);
INSERT INTO buch_autor (buch_id, autor_id) VALUES (297, 49);
INSERT INTO buch_autor (buch_id, autor_id) VALUES (298, 45);
INSERT INTO buch_autor (buch_id, autor_id) VALUES (299, 49);
INSERT INTO buch_autor (buch_id, autor_id) VALUES (300, 166);

COMMIT;


-- =============================================================
-- 9. BUCH_GENRE
-- =============================================================

INSERT INTO buch_genre (buch_id, genre_id) VALUES (1, 10);
INSERT INTO buch_genre (buch_id, genre_id) VALUES (2, 1);
INSERT INTO buch_genre (buch_id, genre_id) VALUES (2, 2);
INSERT INTO buch_genre (buch_id, genre_id) VALUES (2, 12);
INSERT INTO buch_genre (buch_id, genre_id) VALUES (2, 5);
INSERT INTO buch_genre (buch_id, genre_id) VALUES (2, 9);
INSERT INTO buch_genre (buch_id, genre_id) VALUES (3, 2);
INSERT INTO buch_genre (buch_id, genre_id) VALUES (3, 6);
INSERT INTO buch_genre (buch_id, genre_id) VALUES (3, 10);
INSERT INTO buch_genre (buch_id, genre_id) VALUES (4, 13);
INSERT INTO buch_genre (buch_id, genre_id) VALUES (5, 11);
INSERT INTO buch_genre (buch_id, genre_id) VALUES (5, 1);
INSERT INTO buch_genre (buch_id, genre_id) VALUES (5, 6);
INSERT INTO buch_genre (buch_id, genre_id) VALUES (5, 10);
INSERT INTO buch_genre (buch_id, genre_id) VALUES (6, 10);
INSERT INTO buch_genre (buch_id, genre_id) VALUES (7, 6);
INSERT INTO buch_genre (buch_id, genre_id) VALUES (8, 1);
INSERT INTO buch_genre (buch_id, genre_id) VALUES (8, 5);
INSERT INTO buch_genre (buch_id, genre_id) VALUES (8, 2);
INSERT INTO buch_genre (buch_id, genre_id) VALUES (8, 3);
INSERT INTO buch_genre (buch_id, genre_id) VALUES (8, 12);
INSERT INTO buch_genre (buch_id, genre_id) VALUES (8, 10);
INSERT INTO buch_genre (buch_id, genre_id) VALUES (8, 9);
INSERT INTO buch_genre (buch_id, genre_id) VALUES (9, 6);
INSERT INTO buch_genre (buch_id, genre_id) VALUES (10, 1);
INSERT INTO buch_genre (buch_id, genre_id) VALUES (10, 6);
INSERT INTO buch_genre (buch_id, genre_id) VALUES (11, 2);
INSERT INTO buch_genre (buch_id, genre_id) VALUES (11, 10);
INSERT INTO buch_genre (buch_id, genre_id) VALUES (12, 3);
INSERT INTO buch_genre (buch_id, genre_id) VALUES (12, 1);
INSERT INTO buch_genre (buch_id, genre_id) VALUES (12, 5);
INSERT INTO buch_genre (buch_id, genre_id) VALUES (13, 10);
INSERT INTO buch_genre (buch_id, genre_id) VALUES (14, 5);
INSERT INTO buch_genre (buch_id, genre_id) VALUES (15, 1);
INSERT INTO buch_genre (buch_id, genre_id) VALUES (15, 2);
INSERT INTO buch_genre (buch_id, genre_id) VALUES (15, 7);
INSERT INTO buch_genre (buch_id, genre_id) VALUES (15, 12);
INSERT INTO buch_genre (buch_id, genre_id) VALUES (15, 10);
INSERT INTO buch_genre (buch_id, genre_id) VALUES (16, 6);
INSERT INTO buch_genre (buch_id, genre_id) VALUES (16, 10);
INSERT INTO buch_genre (buch_id, genre_id) VALUES (17, 2);
INSERT INTO buch_genre (buch_id, genre_id) VALUES (17, 11);
INSERT INTO buch_genre (buch_id, genre_id) VALUES (17, 1);
INSERT INTO buch_genre (buch_id, genre_id) VALUES (17, 10);
INSERT INTO buch_genre (buch_id, genre_id) VALUES (18, 7);
INSERT INTO buch_genre (buch_id, genre_id) VALUES (18, 11);
INSERT INTO buch_genre (buch_id, genre_id) VALUES (18, 6);
INSERT INTO buch_genre (buch_id, genre_id) VALUES (18, 10);
INSERT INTO buch_genre (buch_id, genre_id) VALUES (19, 6);
INSERT INTO buch_genre (buch_id, genre_id) VALUES (19, 10);
INSERT INTO buch_genre (buch_id, genre_id) VALUES (19, 9);
INSERT INTO buch_genre (buch_id, genre_id) VALUES (20, 8);
INSERT INTO buch_genre (buch_id, genre_id) VALUES (20, 1);
INSERT INTO buch_genre (buch_id, genre_id) VALUES (20, 10);
INSERT INTO buch_genre (buch_id, genre_id) VALUES (20, 9);
INSERT INTO buch_genre (buch_id, genre_id) VALUES (21, 6);
INSERT INTO buch_genre (buch_id, genre_id) VALUES (21, 12);
INSERT INTO buch_genre (buch_id, genre_id) VALUES (21, 11);
INSERT INTO buch_genre (buch_id, genre_id) VALUES (21, 10);
INSERT INTO buch_genre (buch_id, genre_id) VALUES (21, 9);
INSERT INTO buch_genre (buch_id, genre_id) VALUES (22, 1);
INSERT INTO buch_genre (buch_id, genre_id) VALUES (22, 10);
INSERT INTO buch_genre (buch_id, genre_id) VALUES (23, 6);
INSERT INTO buch_genre (buch_id, genre_id) VALUES (23, 7);
INSERT INTO buch_genre (buch_id, genre_id) VALUES (23, 12);
INSERT INTO buch_genre (buch_id, genre_id) VALUES (23, 11);
INSERT INTO buch_genre (buch_id, genre_id) VALUES (23, 9);
INSERT INTO buch_genre (buch_id, genre_id) VALUES (24, 2);
INSERT INTO buch_genre (buch_id, genre_id) VALUES (24, 1);
INSERT INTO buch_genre (buch_id, genre_id) VALUES (24, 7);
INSERT INTO buch_genre (buch_id, genre_id) VALUES (24, 6);
INSERT INTO buch_genre (buch_id, genre_id) VALUES (25, 1);
INSERT INTO buch_genre (buch_id, genre_id) VALUES (25, 7);
INSERT INTO buch_genre (buch_id, genre_id) VALUES (25, 9);
INSERT INTO buch_genre (buch_id, genre_id) VALUES (26, 4);
INSERT INTO buch_genre (buch_id, genre_id) VALUES (26, 5);
INSERT INTO buch_genre (buch_id, genre_id) VALUES (26, 9);
INSERT INTO buch_genre (buch_id, genre_id) VALUES (27, 12);
INSERT INTO buch_genre (buch_id, genre_id) VALUES (27, 6);
INSERT INTO buch_genre (buch_id, genre_id) VALUES (28, 11);
INSERT INTO buch_genre (buch_id, genre_id) VALUES (28, 1);
INSERT INTO buch_genre (buch_id, genre_id) VALUES (28, 6);
INSERT INTO buch_genre (buch_id, genre_id) VALUES (29, 6);
INSERT INTO buch_genre (buch_id, genre_id) VALUES (30, 1);
INSERT INTO buch_genre (buch_id, genre_id) VALUES (30, 2);
INSERT INTO buch_genre (buch_id, genre_id) VALUES (30, 7);
INSERT INTO buch_genre (buch_id, genre_id) VALUES (30, 12);
INSERT INTO buch_genre (buch_id, genre_id) VALUES (30, 11);
INSERT INTO buch_genre (buch_id, genre_id) VALUES (30, 10);
INSERT INTO buch_genre (buch_id, genre_id) VALUES (30, 9);
INSERT INTO buch_genre (buch_id, genre_id) VALUES (31, 1);
INSERT INTO buch_genre (buch_id, genre_id) VALUES (31, 3);
INSERT INTO buch_genre (buch_id, genre_id) VALUES (31, 7);
INSERT INTO buch_genre (buch_id, genre_id) VALUES (31, 10);
INSERT INTO buch_genre (buch_id, genre_id) VALUES (31, 9);
INSERT INTO buch_genre (buch_id, genre_id) VALUES (32, 5);
INSERT INTO buch_genre (buch_id, genre_id) VALUES (33, 12);
INSERT INTO buch_genre (buch_id, genre_id) VALUES (33, 11);
INSERT INTO buch_genre (buch_id, genre_id) VALUES (33, 10);
INSERT INTO buch_genre (buch_id, genre_id) VALUES (34, 5);
INSERT INTO buch_genre (buch_id, genre_id) VALUES (34, 2);
INSERT INTO buch_genre (buch_id, genre_id) VALUES (34, 12);
INSERT INTO buch_genre (buch_id, genre_id) VALUES (34, 11);
INSERT INTO buch_genre (buch_id, genre_id) VALUES (34, 10);
INSERT INTO buch_genre (buch_id, genre_id) VALUES (34, 9);
INSERT INTO buch_genre (buch_id, genre_id) VALUES (35, 2);
INSERT INTO buch_genre (buch_id, genre_id) VALUES (35, 3);
INSERT INTO buch_genre (buch_id, genre_id) VALUES (35, 7);
INSERT INTO buch_genre (buch_id, genre_id) VALUES (36, 1);
INSERT INTO buch_genre (buch_id, genre_id) VALUES (36, 7);
INSERT INTO buch_genre (buch_id, genre_id) VALUES (37, 12);
INSERT INTO buch_genre (buch_id, genre_id) VALUES (37, 6);
INSERT INTO buch_genre (buch_id, genre_id) VALUES (37, 9);
INSERT INTO buch_genre (buch_id, genre_id) VALUES (38, 2);
INSERT INTO buch_genre (buch_id, genre_id) VALUES (38, 4);
INSERT INTO buch_genre (buch_id, genre_id) VALUES (38, 5);
INSERT INTO buch_genre (buch_id, genre_id) VALUES (39, 1);
INSERT INTO buch_genre (buch_id, genre_id) VALUES (39, 7);
INSERT INTO buch_genre (buch_id, genre_id) VALUES (39, 11);
INSERT INTO buch_genre (buch_id, genre_id) VALUES (39, 10);
INSERT INTO buch_genre (buch_id, genre_id) VALUES (39, 9);
INSERT INTO buch_genre (buch_id, genre_id) VALUES (40, 3);
INSERT INTO buch_genre (buch_id, genre_id) VALUES (40, 11);
INSERT INTO buch_genre (buch_id, genre_id) VALUES (40, 10);
INSERT INTO buch_genre (buch_id, genre_id) VALUES (41, 10);
INSERT INTO buch_genre (buch_id, genre_id) VALUES (42, 13);
INSERT INTO buch_genre (buch_id, genre_id) VALUES (43, 1);
INSERT INTO buch_genre (buch_id, genre_id) VALUES (43, 2);
INSERT INTO buch_genre (buch_id, genre_id) VALUES (43, 3);
INSERT INTO buch_genre (buch_id, genre_id) VALUES (43, 7);
INSERT INTO buch_genre (buch_id, genre_id) VALUES (43, 10);
INSERT INTO buch_genre (buch_id, genre_id) VALUES (44, 9);
INSERT INTO buch_genre (buch_id, genre_id) VALUES (45, 6);
INSERT INTO buch_genre (buch_id, genre_id) VALUES (46, 7);
INSERT INTO buch_genre (buch_id, genre_id) VALUES (46, 2);
INSERT INTO buch_genre (buch_id, genre_id) VALUES (46, 6);
INSERT INTO buch_genre (buch_id, genre_id) VALUES (46, 10);
INSERT INTO buch_genre (buch_id, genre_id) VALUES (47, 1);
INSERT INTO buch_genre (buch_id, genre_id) VALUES (47, 6);
INSERT INTO buch_genre (buch_id, genre_id) VALUES (47, 2);
INSERT INTO buch_genre (buch_id, genre_id) VALUES (47, 7);
INSERT INTO buch_genre (buch_id, genre_id) VALUES (47, 10);
INSERT INTO buch_genre (buch_id, genre_id) VALUES (48, 4);
INSERT INTO buch_genre (buch_id, genre_id) VALUES (48, 7);
INSERT INTO buch_genre (buch_id, genre_id) VALUES (48, 10);
INSERT INTO buch_genre (buch_id, genre_id) VALUES (48, 9);
INSERT INTO buch_genre (buch_id, genre_id) VALUES (49, 12);
INSERT INTO buch_genre (buch_id, genre_id) VALUES (49, 6);
INSERT INTO buch_genre (buch_id, genre_id) VALUES (49, 10);
INSERT INTO buch_genre (buch_id, genre_id) VALUES (49, 9);
INSERT INTO buch_genre (buch_id, genre_id) VALUES (50, 11);
INSERT INTO buch_genre (buch_id, genre_id) VALUES (50, 10);
INSERT INTO buch_genre (buch_id, genre_id) VALUES (50, 9);
INSERT INTO buch_genre (buch_id, genre_id) VALUES (51, 12);
INSERT INTO buch_genre (buch_id, genre_id) VALUES (51, 7);
INSERT INTO buch_genre (buch_id, genre_id) VALUES (51, 6);
INSERT INTO buch_genre (buch_id, genre_id) VALUES (51, 9);
INSERT INTO buch_genre (buch_id, genre_id) VALUES (52, 3);
INSERT INTO buch_genre (buch_id, genre_id) VALUES (52, 6);
INSERT INTO buch_genre (buch_id, genre_id) VALUES (53, 10);
INSERT INTO buch_genre (buch_id, genre_id) VALUES (54, 2);
INSERT INTO buch_genre (buch_id, genre_id) VALUES (54, 12);
INSERT INTO buch_genre (buch_id, genre_id) VALUES (55, 1);
INSERT INTO buch_genre (buch_id, genre_id) VALUES (55, 2);
INSERT INTO buch_genre (buch_id, genre_id) VALUES (55, 4);
INSERT INTO buch_genre (buch_id, genre_id) VALUES (55, 7);
INSERT INTO buch_genre (buch_id, genre_id) VALUES (55, 10);
INSERT INTO buch_genre (buch_id, genre_id) VALUES (56, 1);
INSERT INTO buch_genre (buch_id, genre_id) VALUES (56, 10);
INSERT INTO buch_genre (buch_id, genre_id) VALUES (57, 1);
INSERT INTO buch_genre (buch_id, genre_id) VALUES (57, 10);
INSERT INTO buch_genre (buch_id, genre_id) VALUES (58, 1);
INSERT INTO buch_genre (buch_id, genre_id) VALUES (58, 4);
INSERT INTO buch_genre (buch_id, genre_id) VALUES (58, 5);
INSERT INTO buch_genre (buch_id, genre_id) VALUES (59, 2);
INSERT INTO buch_genre (buch_id, genre_id) VALUES (59, 12);
INSERT INTO buch_genre (buch_id, genre_id) VALUES (59, 1);
INSERT INTO buch_genre (buch_id, genre_id) VALUES (59, 10);
INSERT INTO buch_genre (buch_id, genre_id) VALUES (60, 10);
INSERT INTO buch_genre (buch_id, genre_id) VALUES (61, 9);
INSERT INTO buch_genre (buch_id, genre_id) VALUES (62, 12);
INSERT INTO buch_genre (buch_id, genre_id) VALUES (63, 2);
INSERT INTO buch_genre (buch_id, genre_id) VALUES (63, 3);
INSERT INTO buch_genre (buch_id, genre_id) VALUES (64, 1);
INSERT INTO buch_genre (buch_id, genre_id) VALUES (64, 2);
INSERT INTO buch_genre (buch_id, genre_id) VALUES (64, 3);
INSERT INTO buch_genre (buch_id, genre_id) VALUES (64, 7);
INSERT INTO buch_genre (buch_id, genre_id) VALUES (64, 10);
INSERT INTO buch_genre (buch_id, genre_id) VALUES (64, 9);
INSERT INTO buch_genre (buch_id, genre_id) VALUES (65, 6);
INSERT INTO buch_genre (buch_id, genre_id) VALUES (66, 6);
INSERT INTO buch_genre (buch_id, genre_id) VALUES (66, 7);
INSERT INTO buch_genre (buch_id, genre_id) VALUES (66, 9);
INSERT INTO buch_genre (buch_id, genre_id) VALUES (67, 1);
INSERT INTO buch_genre (buch_id, genre_id) VALUES (67, 7);
INSERT INTO buch_genre (buch_id, genre_id) VALUES (67, 10);
INSERT INTO buch_genre (buch_id, genre_id) VALUES (68, 1);
INSERT INTO buch_genre (buch_id, genre_id) VALUES (68, 7);
INSERT INTO buch_genre (buch_id, genre_id) VALUES (68, 6);
INSERT INTO buch_genre (buch_id, genre_id) VALUES (69, 1);
INSERT INTO buch_genre (buch_id, genre_id) VALUES (69, 7);
INSERT INTO buch_genre (buch_id, genre_id) VALUES (69, 10);
INSERT INTO buch_genre (buch_id, genre_id) VALUES (70, 2);
INSERT INTO buch_genre (buch_id, genre_id) VALUES (71, 2);
INSERT INTO buch_genre (buch_id, genre_id) VALUES (71, 11);
INSERT INTO buch_genre (buch_id, genre_id) VALUES (71, 6);
INSERT INTO buch_genre (buch_id, genre_id) VALUES (71, 10);
INSERT INTO buch_genre (buch_id, genre_id) VALUES (72, 2);
INSERT INTO buch_genre (buch_id, genre_id) VALUES (72, 1);
INSERT INTO buch_genre (buch_id, genre_id) VALUES (73, 1);
INSERT INTO buch_genre (buch_id, genre_id) VALUES (73, 10);
INSERT INTO buch_genre (buch_id, genre_id) VALUES (73, 2);
INSERT INTO buch_genre (buch_id, genre_id) VALUES (73, 3);
INSERT INTO buch_genre (buch_id, genre_id) VALUES (73, 5);
INSERT INTO buch_genre (buch_id, genre_id) VALUES (73, 9);
INSERT INTO buch_genre (buch_id, genre_id) VALUES (74, 11);
INSERT INTO buch_genre (buch_id, genre_id) VALUES (74, 10);
INSERT INTO buch_genre (buch_id, genre_id) VALUES (74, 9);
INSERT INTO buch_genre (buch_id, genre_id) VALUES (75, 6);
INSERT INTO buch_genre (buch_id, genre_id) VALUES (75, 10);
INSERT INTO buch_genre (buch_id, genre_id) VALUES (76, 3);
INSERT INTO buch_genre (buch_id, genre_id) VALUES (76, 7);
INSERT INTO buch_genre (buch_id, genre_id) VALUES (76, 12);
INSERT INTO buch_genre (buch_id, genre_id) VALUES (76, 11);
INSERT INTO buch_genre (buch_id, genre_id) VALUES (76, 10);
INSERT INTO buch_genre (buch_id, genre_id) VALUES (76, 9);
INSERT INTO buch_genre (buch_id, genre_id) VALUES (77, 2);
INSERT INTO buch_genre (buch_id, genre_id) VALUES (77, 3);
INSERT INTO buch_genre (buch_id, genre_id) VALUES (78, 2);
INSERT INTO buch_genre (buch_id, genre_id) VALUES (78, 1);
INSERT INTO buch_genre (buch_id, genre_id) VALUES (78, 9);
INSERT INTO buch_genre (buch_id, genre_id) VALUES (79, 2);
INSERT INTO buch_genre (buch_id, genre_id) VALUES (80, 10);
INSERT INTO buch_genre (buch_id, genre_id) VALUES (80, 9);
INSERT INTO buch_genre (buch_id, genre_id) VALUES (81, 10);
INSERT INTO buch_genre (buch_id, genre_id) VALUES (82, 2);
INSERT INTO buch_genre (buch_id, genre_id) VALUES (82, 1);
INSERT INTO buch_genre (buch_id, genre_id) VALUES (83, 13);
INSERT INTO buch_genre (buch_id, genre_id) VALUES (84, 2);
INSERT INTO buch_genre (buch_id, genre_id) VALUES (84, 7);
INSERT INTO buch_genre (buch_id, genre_id) VALUES (85, 1);
INSERT INTO buch_genre (buch_id, genre_id) VALUES (86, 12);
INSERT INTO buch_genre (buch_id, genre_id) VALUES (86, 10);
INSERT INTO buch_genre (buch_id, genre_id) VALUES (87, 5);
INSERT INTO buch_genre (buch_id, genre_id) VALUES (88, 1);
INSERT INTO buch_genre (buch_id, genre_id) VALUES (88, 2);
INSERT INTO buch_genre (buch_id, genre_id) VALUES (88, 4);
INSERT INTO buch_genre (buch_id, genre_id) VALUES (88, 7);
INSERT INTO buch_genre (buch_id, genre_id) VALUES (88, 12);
INSERT INTO buch_genre (buch_id, genre_id) VALUES (88, 5);
INSERT INTO buch_genre (buch_id, genre_id) VALUES (88, 9);
INSERT INTO buch_genre (buch_id, genre_id) VALUES (89, 11);
INSERT INTO buch_genre (buch_id, genre_id) VALUES (89, 10);
INSERT INTO buch_genre (buch_id, genre_id) VALUES (90, 12);
INSERT INTO buch_genre (buch_id, genre_id) VALUES (90, 7);
INSERT INTO buch_genre (buch_id, genre_id) VALUES (90, 10);
INSERT INTO buch_genre (buch_id, genre_id) VALUES (90, 9);
INSERT INTO buch_genre (buch_id, genre_id) VALUES (91, 1);
INSERT INTO buch_genre (buch_id, genre_id) VALUES (91, 7);
INSERT INTO buch_genre (buch_id, genre_id) VALUES (91, 10);
INSERT INTO buch_genre (buch_id, genre_id) VALUES (92, 2);
INSERT INTO buch_genre (buch_id, genre_id) VALUES (92, 1);
INSERT INTO buch_genre (buch_id, genre_id) VALUES (93, 6);
INSERT INTO buch_genre (buch_id, genre_id) VALUES (93, 2);
INSERT INTO buch_genre (buch_id, genre_id) VALUES (93, 7);
INSERT INTO buch_genre (buch_id, genre_id) VALUES (93, 11);
INSERT INTO buch_genre (buch_id, genre_id) VALUES (93, 10);
INSERT INTO buch_genre (buch_id, genre_id) VALUES (94, 2);
INSERT INTO buch_genre (buch_id, genre_id) VALUES (94, 5);
INSERT INTO buch_genre (buch_id, genre_id) VALUES (95, 1);
INSERT INTO buch_genre (buch_id, genre_id) VALUES (95, 10);
INSERT INTO buch_genre (buch_id, genre_id) VALUES (96, 2);
INSERT INTO buch_genre (buch_id, genre_id) VALUES (97, 12);
INSERT INTO buch_genre (buch_id, genre_id) VALUES (97, 6);
INSERT INTO buch_genre (buch_id, genre_id) VALUES (97, 9);
INSERT INTO buch_genre (buch_id, genre_id) VALUES (98, 2);
INSERT INTO buch_genre (buch_id, genre_id) VALUES (98, 3);
INSERT INTO buch_genre (buch_id, genre_id) VALUES (98, 7);
INSERT INTO buch_genre (buch_id, genre_id) VALUES (99, 5);
INSERT INTO buch_genre (buch_id, genre_id) VALUES (99, 11);
INSERT INTO buch_genre (buch_id, genre_id) VALUES (99, 1);
INSERT INTO buch_genre (buch_id, genre_id) VALUES (99, 10);
INSERT INTO buch_genre (buch_id, genre_id) VALUES (100, 3);
INSERT INTO buch_genre (buch_id, genre_id) VALUES (101, 1);
INSERT INTO buch_genre (buch_id, genre_id) VALUES (101, 10);
INSERT INTO buch_genre (buch_id, genre_id) VALUES (102, 2);
INSERT INTO buch_genre (buch_id, genre_id) VALUES (102, 1);
INSERT INTO buch_genre (buch_id, genre_id) VALUES (102, 7);
INSERT INTO buch_genre (buch_id, genre_id) VALUES (103, 11);
INSERT INTO buch_genre (buch_id, genre_id) VALUES (103, 1);
INSERT INTO buch_genre (buch_id, genre_id) VALUES (104, 1);
INSERT INTO buch_genre (buch_id, genre_id) VALUES (104, 7);
INSERT INTO buch_genre (buch_id, genre_id) VALUES (105, 2);
INSERT INTO buch_genre (buch_id, genre_id) VALUES (105, 1);
INSERT INTO buch_genre (buch_id, genre_id) VALUES (105, 5);
INSERT INTO buch_genre (buch_id, genre_id) VALUES (106, 1);
INSERT INTO buch_genre (buch_id, genre_id) VALUES (107, 2);
INSERT INTO buch_genre (buch_id, genre_id) VALUES (107, 1);
INSERT INTO buch_genre (buch_id, genre_id) VALUES (107, 10);
INSERT INTO buch_genre (buch_id, genre_id) VALUES (108, 1);
INSERT INTO buch_genre (buch_id, genre_id) VALUES (109, 1);
INSERT INTO buch_genre (buch_id, genre_id) VALUES (110, 2);
INSERT INTO buch_genre (buch_id, genre_id) VALUES (110, 1);
INSERT INTO buch_genre (buch_id, genre_id) VALUES (110, 5);
INSERT INTO buch_genre (buch_id, genre_id) VALUES (111, 1);
INSERT INTO buch_genre (buch_id, genre_id) VALUES (112, 1);
INSERT INTO buch_genre (buch_id, genre_id) VALUES (113, 2);
INSERT INTO buch_genre (buch_id, genre_id) VALUES (113, 1);
INSERT INTO buch_genre (buch_id, genre_id) VALUES (113, 6);
INSERT INTO buch_genre (buch_id, genre_id) VALUES (114, 1);
INSERT INTO buch_genre (buch_id, genre_id) VALUES (115, 1);
INSERT INTO buch_genre (buch_id, genre_id) VALUES (116, 2);
INSERT INTO buch_genre (buch_id, genre_id) VALUES (116, 1);
INSERT INTO buch_genre (buch_id, genre_id) VALUES (117, 1);
INSERT INTO buch_genre (buch_id, genre_id) VALUES (118, 1);
INSERT INTO buch_genre (buch_id, genre_id) VALUES (118, 7);
INSERT INTO buch_genre (buch_id, genre_id) VALUES (119, 1);
INSERT INTO buch_genre (buch_id, genre_id) VALUES (120, 1);
INSERT INTO buch_genre (buch_id, genre_id) VALUES (121, 1);
INSERT INTO buch_genre (buch_id, genre_id) VALUES (121, 7);
INSERT INTO buch_genre (buch_id, genre_id) VALUES (122, 2);
INSERT INTO buch_genre (buch_id, genre_id) VALUES (122, 1);
INSERT INTO buch_genre (buch_id, genre_id) VALUES (123, 1);
INSERT INTO buch_genre (buch_id, genre_id) VALUES (124, 1);
INSERT INTO buch_genre (buch_id, genre_id) VALUES (125, 2);
INSERT INTO buch_genre (buch_id, genre_id) VALUES (125, 1);
INSERT INTO buch_genre (buch_id, genre_id) VALUES (125, 7);
INSERT INTO buch_genre (buch_id, genre_id) VALUES (125, 5);
INSERT INTO buch_genre (buch_id, genre_id) VALUES (126, 1);
INSERT INTO buch_genre (buch_id, genre_id) VALUES (127, 1);
INSERT INTO buch_genre (buch_id, genre_id) VALUES (127, 6);
INSERT INTO buch_genre (buch_id, genre_id) VALUES (128, 1);
INSERT INTO buch_genre (buch_id, genre_id) VALUES (128, 10);
INSERT INTO buch_genre (buch_id, genre_id) VALUES (129, 1);
INSERT INTO buch_genre (buch_id, genre_id) VALUES (129, 7);
INSERT INTO buch_genre (buch_id, genre_id) VALUES (130, 1);
INSERT INTO buch_genre (buch_id, genre_id) VALUES (131, 1);
INSERT INTO buch_genre (buch_id, genre_id) VALUES (132, 1);
INSERT INTO buch_genre (buch_id, genre_id) VALUES (132, 6);
INSERT INTO buch_genre (buch_id, genre_id) VALUES (133, 2);
INSERT INTO buch_genre (buch_id, genre_id) VALUES (133, 1);
INSERT INTO buch_genre (buch_id, genre_id) VALUES (133, 10);
INSERT INTO buch_genre (buch_id, genre_id) VALUES (134, 1);
INSERT INTO buch_genre (buch_id, genre_id) VALUES (135, 1);
INSERT INTO buch_genre (buch_id, genre_id) VALUES (135, 7);
INSERT INTO buch_genre (buch_id, genre_id) VALUES (136, 5);
INSERT INTO buch_genre (buch_id, genre_id) VALUES (136, 1);
INSERT INTO buch_genre (buch_id, genre_id) VALUES (136, 10);
INSERT INTO buch_genre (buch_id, genre_id) VALUES (137, 1);
INSERT INTO buch_genre (buch_id, genre_id) VALUES (138, 2);
INSERT INTO buch_genre (buch_id, genre_id) VALUES (138, 1);
INSERT INTO buch_genre (buch_id, genre_id) VALUES (139, 1);
INSERT INTO buch_genre (buch_id, genre_id) VALUES (139, 7);
INSERT INTO buch_genre (buch_id, genre_id) VALUES (140, 2);
INSERT INTO buch_genre (buch_id, genre_id) VALUES (140, 1);
INSERT INTO buch_genre (buch_id, genre_id) VALUES (140, 10);
INSERT INTO buch_genre (buch_id, genre_id) VALUES (141, 1);
INSERT INTO buch_genre (buch_id, genre_id) VALUES (141, 5);
INSERT INTO buch_genre (buch_id, genre_id) VALUES (142, 2);
INSERT INTO buch_genre (buch_id, genre_id) VALUES (142, 1);
INSERT INTO buch_genre (buch_id, genre_id) VALUES (142, 7);
INSERT INTO buch_genre (buch_id, genre_id) VALUES (143, 1);
INSERT INTO buch_genre (buch_id, genre_id) VALUES (144, 2);
INSERT INTO buch_genre (buch_id, genre_id) VALUES (144, 1);
INSERT INTO buch_genre (buch_id, genre_id) VALUES (145, 1);
INSERT INTO buch_genre (buch_id, genre_id) VALUES (145, 10);
INSERT INTO buch_genre (buch_id, genre_id) VALUES (146, 1);
INSERT INTO buch_genre (buch_id, genre_id) VALUES (146, 5);
INSERT INTO buch_genre (buch_id, genre_id) VALUES (146, 2);
INSERT INTO buch_genre (buch_id, genre_id) VALUES (146, 4);
INSERT INTO buch_genre (buch_id, genre_id) VALUES (146, 10);
INSERT INTO buch_genre (buch_id, genre_id) VALUES (147, 11);
INSERT INTO buch_genre (buch_id, genre_id) VALUES (147, 1);
INSERT INTO buch_genre (buch_id, genre_id) VALUES (147, 7);
INSERT INTO buch_genre (buch_id, genre_id) VALUES (147, 10);
INSERT INTO buch_genre (buch_id, genre_id) VALUES (148, 1);
INSERT INTO buch_genre (buch_id, genre_id) VALUES (148, 5);
INSERT INTO buch_genre (buch_id, genre_id) VALUES (148, 2);
INSERT INTO buch_genre (buch_id, genre_id) VALUES (148, 7);
INSERT INTO buch_genre (buch_id, genre_id) VALUES (148, 12);
INSERT INTO buch_genre (buch_id, genre_id) VALUES (148, 11);
INSERT INTO buch_genre (buch_id, genre_id) VALUES (148, 10);
INSERT INTO buch_genre (buch_id, genre_id) VALUES (149, 1);
INSERT INTO buch_genre (buch_id, genre_id) VALUES (150, 2);
INSERT INTO buch_genre (buch_id, genre_id) VALUES (150, 1);
INSERT INTO buch_genre (buch_id, genre_id) VALUES (150, 5);
INSERT INTO buch_genre (buch_id, genre_id) VALUES (151, 2);
INSERT INTO buch_genre (buch_id, genre_id) VALUES (151, 1);
INSERT INTO buch_genre (buch_id, genre_id) VALUES (152, 1);
INSERT INTO buch_genre (buch_id, genre_id) VALUES (152, 7);
INSERT INTO buch_genre (buch_id, genre_id) VALUES (152, 10);
INSERT INTO buch_genre (buch_id, genre_id) VALUES (153, 2);
INSERT INTO buch_genre (buch_id, genre_id) VALUES (153, 1);
INSERT INTO buch_genre (buch_id, genre_id) VALUES (154, 2);
INSERT INTO buch_genre (buch_id, genre_id) VALUES (154, 1);
INSERT INTO buch_genre (buch_id, genre_id) VALUES (154, 7);
INSERT INTO buch_genre (buch_id, genre_id) VALUES (155, 1);
INSERT INTO buch_genre (buch_id, genre_id) VALUES (155, 2);
INSERT INTO buch_genre (buch_id, genre_id) VALUES (155, 3);
INSERT INTO buch_genre (buch_id, genre_id) VALUES (155, 7);
INSERT INTO buch_genre (buch_id, genre_id) VALUES (155, 5);
INSERT INTO buch_genre (buch_id, genre_id) VALUES (156, 1);
INSERT INTO buch_genre (buch_id, genre_id) VALUES (157, 1);
INSERT INTO buch_genre (buch_id, genre_id) VALUES (157, 7);
INSERT INTO buch_genre (buch_id, genre_id) VALUES (158, 7);
INSERT INTO buch_genre (buch_id, genre_id) VALUES (158, 1);
INSERT INTO buch_genre (buch_id, genre_id) VALUES (158, 6);
INSERT INTO buch_genre (buch_id, genre_id) VALUES (159, 2);
INSERT INTO buch_genre (buch_id, genre_id) VALUES (159, 1);
INSERT INTO buch_genre (buch_id, genre_id) VALUES (159, 7);
INSERT INTO buch_genre (buch_id, genre_id) VALUES (159, 10);
INSERT INTO buch_genre (buch_id, genre_id) VALUES (160, 2);
INSERT INTO buch_genre (buch_id, genre_id) VALUES (160, 1);
INSERT INTO buch_genre (buch_id, genre_id) VALUES (161, 1);
INSERT INTO buch_genre (buch_id, genre_id) VALUES (162, 1);
INSERT INTO buch_genre (buch_id, genre_id) VALUES (162, 7);
INSERT INTO buch_genre (buch_id, genre_id) VALUES (162, 10);
INSERT INTO buch_genre (buch_id, genre_id) VALUES (163, 1);
INSERT INTO buch_genre (buch_id, genre_id) VALUES (164, 2);
INSERT INTO buch_genre (buch_id, genre_id) VALUES (164, 3);
INSERT INTO buch_genre (buch_id, genre_id) VALUES (164, 1);
INSERT INTO buch_genre (buch_id, genre_id) VALUES (165, 1);
INSERT INTO buch_genre (buch_id, genre_id) VALUES (166, 1);
INSERT INTO buch_genre (buch_id, genre_id) VALUES (166, 7);
INSERT INTO buch_genre (buch_id, genre_id) VALUES (167, 2);
INSERT INTO buch_genre (buch_id, genre_id) VALUES (167, 1);
INSERT INTO buch_genre (buch_id, genre_id) VALUES (167, 7);
INSERT INTO buch_genre (buch_id, genre_id) VALUES (167, 5);
INSERT INTO buch_genre (buch_id, genre_id) VALUES (168, 2);
INSERT INTO buch_genre (buch_id, genre_id) VALUES (168, 1);
INSERT INTO buch_genre (buch_id, genre_id) VALUES (168, 7);
INSERT INTO buch_genre (buch_id, genre_id) VALUES (169, 2);
INSERT INTO buch_genre (buch_id, genre_id) VALUES (169, 1);
INSERT INTO buch_genre (buch_id, genre_id) VALUES (170, 1);
INSERT INTO buch_genre (buch_id, genre_id) VALUES (171, 2);
INSERT INTO buch_genre (buch_id, genre_id) VALUES (171, 1);
INSERT INTO buch_genre (buch_id, genre_id) VALUES (171, 7);
INSERT INTO buch_genre (buch_id, genre_id) VALUES (172, 1);
INSERT INTO buch_genre (buch_id, genre_id) VALUES (172, 7);
INSERT INTO buch_genre (buch_id, genre_id) VALUES (173, 2);
INSERT INTO buch_genre (buch_id, genre_id) VALUES (173, 1);
INSERT INTO buch_genre (buch_id, genre_id) VALUES (174, 1);
INSERT INTO buch_genre (buch_id, genre_id) VALUES (175, 2);
INSERT INTO buch_genre (buch_id, genre_id) VALUES (175, 1);
INSERT INTO buch_genre (buch_id, genre_id) VALUES (175, 5);
INSERT INTO buch_genre (buch_id, genre_id) VALUES (176, 1);
INSERT INTO buch_genre (buch_id, genre_id) VALUES (177, 11);
INSERT INTO buch_genre (buch_id, genre_id) VALUES (177, 1);
INSERT INTO buch_genre (buch_id, genre_id) VALUES (177, 6);
INSERT INTO buch_genre (buch_id, genre_id) VALUES (177, 10);
INSERT INTO buch_genre (buch_id, genre_id) VALUES (178, 1);
INSERT INTO buch_genre (buch_id, genre_id) VALUES (179, 1);
INSERT INTO buch_genre (buch_id, genre_id) VALUES (180, 2);
INSERT INTO buch_genre (buch_id, genre_id) VALUES (180, 1);
INSERT INTO buch_genre (buch_id, genre_id) VALUES (180, 7);
INSERT INTO buch_genre (buch_id, genre_id) VALUES (181, 1);
INSERT INTO buch_genre (buch_id, genre_id) VALUES (182, 1);
INSERT INTO buch_genre (buch_id, genre_id) VALUES (182, 6);
INSERT INTO buch_genre (buch_id, genre_id) VALUES (182, 10);
INSERT INTO buch_genre (buch_id, genre_id) VALUES (183, 1);
INSERT INTO buch_genre (buch_id, genre_id) VALUES (183, 6);
INSERT INTO buch_genre (buch_id, genre_id) VALUES (183, 2);
INSERT INTO buch_genre (buch_id, genre_id) VALUES (183, 7);
INSERT INTO buch_genre (buch_id, genre_id) VALUES (183, 11);
INSERT INTO buch_genre (buch_id, genre_id) VALUES (184, 2);
INSERT INTO buch_genre (buch_id, genre_id) VALUES (184, 1);
INSERT INTO buch_genre (buch_id, genre_id) VALUES (184, 7);
INSERT INTO buch_genre (buch_id, genre_id) VALUES (185, 1);
INSERT INTO buch_genre (buch_id, genre_id) VALUES (185, 2);
INSERT INTO buch_genre (buch_id, genre_id) VALUES (185, 7);
INSERT INTO buch_genre (buch_id, genre_id) VALUES (185, 12);
INSERT INTO buch_genre (buch_id, genre_id) VALUES (185, 10);
INSERT INTO buch_genre (buch_id, genre_id) VALUES (185, 9);
INSERT INTO buch_genre (buch_id, genre_id) VALUES (186, 1);
INSERT INTO buch_genre (buch_id, genre_id) VALUES (186, 9);
INSERT INTO buch_genre (buch_id, genre_id) VALUES (187, 1);
INSERT INTO buch_genre (buch_id, genre_id) VALUES (188, 1);
INSERT INTO buch_genre (buch_id, genre_id) VALUES (189, 1);
INSERT INTO buch_genre (buch_id, genre_id) VALUES (189, 7);
INSERT INTO buch_genre (buch_id, genre_id) VALUES (190, 1);
INSERT INTO buch_genre (buch_id, genre_id) VALUES (191, 2);
INSERT INTO buch_genre (buch_id, genre_id) VALUES (191, 1);
INSERT INTO buch_genre (buch_id, genre_id) VALUES (191, 6);
INSERT INTO buch_genre (buch_id, genre_id) VALUES (191, 5);
INSERT INTO buch_genre (buch_id, genre_id) VALUES (192, 1);
INSERT INTO buch_genre (buch_id, genre_id) VALUES (193, 2);
INSERT INTO buch_genre (buch_id, genre_id) VALUES (193, 7);
INSERT INTO buch_genre (buch_id, genre_id) VALUES (194, 2);
INSERT INTO buch_genre (buch_id, genre_id) VALUES (195, 2);
INSERT INTO buch_genre (buch_id, genre_id) VALUES (196, 2);
INSERT INTO buch_genre (buch_id, genre_id) VALUES (197, 2);
INSERT INTO buch_genre (buch_id, genre_id) VALUES (197, 1);
INSERT INTO buch_genre (buch_id, genre_id) VALUES (198, 2);
INSERT INTO buch_genre (buch_id, genre_id) VALUES (198, 9);
INSERT INTO buch_genre (buch_id, genre_id) VALUES (199, 2);
INSERT INTO buch_genre (buch_id, genre_id) VALUES (199, 7);
INSERT INTO buch_genre (buch_id, genre_id) VALUES (200, 2);
INSERT INTO buch_genre (buch_id, genre_id) VALUES (201, 2);
INSERT INTO buch_genre (buch_id, genre_id) VALUES (202, 2);
INSERT INTO buch_genre (buch_id, genre_id) VALUES (202, 7);
INSERT INTO buch_genre (buch_id, genre_id) VALUES (203, 2);
INSERT INTO buch_genre (buch_id, genre_id) VALUES (203, 1);
INSERT INTO buch_genre (buch_id, genre_id) VALUES (203, 4);
INSERT INTO buch_genre (buch_id, genre_id) VALUES (203, 7);
INSERT INTO buch_genre (buch_id, genre_id) VALUES (204, 2);
INSERT INTO buch_genre (buch_id, genre_id) VALUES (205, 2);
INSERT INTO buch_genre (buch_id, genre_id) VALUES (205, 7);
INSERT INTO buch_genre (buch_id, genre_id) VALUES (206, 2);
INSERT INTO buch_genre (buch_id, genre_id) VALUES (207, 2);
INSERT INTO buch_genre (buch_id, genre_id) VALUES (207, 7);
INSERT INTO buch_genre (buch_id, genre_id) VALUES (208, 2);
INSERT INTO buch_genre (buch_id, genre_id) VALUES (209, 2);
INSERT INTO buch_genre (buch_id, genre_id) VALUES (209, 1);
INSERT INTO buch_genre (buch_id, genre_id) VALUES (210, 2);
INSERT INTO buch_genre (buch_id, genre_id) VALUES (210, 5);
INSERT INTO buch_genre (buch_id, genre_id) VALUES (211, 2);
INSERT INTO buch_genre (buch_id, genre_id) VALUES (211, 3);
INSERT INTO buch_genre (buch_id, genre_id) VALUES (212, 2);
INSERT INTO buch_genre (buch_id, genre_id) VALUES (213, 2);
INSERT INTO buch_genre (buch_id, genre_id) VALUES (214, 2);
INSERT INTO buch_genre (buch_id, genre_id) VALUES (214, 7);
INSERT INTO buch_genre (buch_id, genre_id) VALUES (215, 2);
INSERT INTO buch_genre (buch_id, genre_id) VALUES (215, 1);
INSERT INTO buch_genre (buch_id, genre_id) VALUES (215, 7);
INSERT INTO buch_genre (buch_id, genre_id) VALUES (215, 6);
INSERT INTO buch_genre (buch_id, genre_id) VALUES (216, 2);
INSERT INTO buch_genre (buch_id, genre_id) VALUES (217, 2);
INSERT INTO buch_genre (buch_id, genre_id) VALUES (218, 2);
INSERT INTO buch_genre (buch_id, genre_id) VALUES (219, 2);
INSERT INTO buch_genre (buch_id, genre_id) VALUES (220, 2);
INSERT INTO buch_genre (buch_id, genre_id) VALUES (221, 2);
INSERT INTO buch_genre (buch_id, genre_id) VALUES (221, 3);
INSERT INTO buch_genre (buch_id, genre_id) VALUES (221, 7);
INSERT INTO buch_genre (buch_id, genre_id) VALUES (222, 2);
INSERT INTO buch_genre (buch_id, genre_id) VALUES (222, 3);
INSERT INTO buch_genre (buch_id, genre_id) VALUES (223, 2);
INSERT INTO buch_genre (buch_id, genre_id) VALUES (223, 4);
INSERT INTO buch_genre (buch_id, genre_id) VALUES (223, 10);
INSERT INTO buch_genre (buch_id, genre_id) VALUES (224, 2);
INSERT INTO buch_genre (buch_id, genre_id) VALUES (225, 2);
INSERT INTO buch_genre (buch_id, genre_id) VALUES (225, 1);
INSERT INTO buch_genre (buch_id, genre_id) VALUES (225, 10);
INSERT INTO buch_genre (buch_id, genre_id) VALUES (226, 2);
INSERT INTO buch_genre (buch_id, genre_id) VALUES (226, 1);
INSERT INTO buch_genre (buch_id, genre_id) VALUES (226, 9);
INSERT INTO buch_genre (buch_id, genre_id) VALUES (227, 2);
INSERT INTO buch_genre (buch_id, genre_id) VALUES (227, 7);
INSERT INTO buch_genre (buch_id, genre_id) VALUES (228, 2);
INSERT INTO buch_genre (buch_id, genre_id) VALUES (229, 2);
INSERT INTO buch_genre (buch_id, genre_id) VALUES (229, 7);
INSERT INTO buch_genre (buch_id, genre_id) VALUES (230, 2);
INSERT INTO buch_genre (buch_id, genre_id) VALUES (231, 1);
INSERT INTO buch_genre (buch_id, genre_id) VALUES (231, 2);
INSERT INTO buch_genre (buch_id, genre_id) VALUES (231, 4);
INSERT INTO buch_genre (buch_id, genre_id) VALUES (231, 7);
INSERT INTO buch_genre (buch_id, genre_id) VALUES (231, 10);
INSERT INTO buch_genre (buch_id, genre_id) VALUES (232, 2);
INSERT INTO buch_genre (buch_id, genre_id) VALUES (233, 2);
INSERT INTO buch_genre (buch_id, genre_id) VALUES (233, 1);
INSERT INTO buch_genre (buch_id, genre_id) VALUES (233, 7);
INSERT INTO buch_genre (buch_id, genre_id) VALUES (234, 2);
INSERT INTO buch_genre (buch_id, genre_id) VALUES (234, 12);
INSERT INTO buch_genre (buch_id, genre_id) VALUES (234, 9);
INSERT INTO buch_genre (buch_id, genre_id) VALUES (235, 2);
INSERT INTO buch_genre (buch_id, genre_id) VALUES (235, 1);
INSERT INTO buch_genre (buch_id, genre_id) VALUES (236, 2);
INSERT INTO buch_genre (buch_id, genre_id) VALUES (237, 2);
INSERT INTO buch_genre (buch_id, genre_id) VALUES (237, 7);
INSERT INTO buch_genre (buch_id, genre_id) VALUES (238, 2);
INSERT INTO buch_genre (buch_id, genre_id) VALUES (238, 1);
INSERT INTO buch_genre (buch_id, genre_id) VALUES (238, 7);
INSERT INTO buch_genre (buch_id, genre_id) VALUES (238, 5);
INSERT INTO buch_genre (buch_id, genre_id) VALUES (239, 2);
INSERT INTO buch_genre (buch_id, genre_id) VALUES (239, 1);
INSERT INTO buch_genre (buch_id, genre_id) VALUES (240, 2);
INSERT INTO buch_genre (buch_id, genre_id) VALUES (240, 7);
INSERT INTO buch_genre (buch_id, genre_id) VALUES (241, 2);
INSERT INTO buch_genre (buch_id, genre_id) VALUES (242, 2);
INSERT INTO buch_genre (buch_id, genre_id) VALUES (242, 1);
INSERT INTO buch_genre (buch_id, genre_id) VALUES (242, 7);
INSERT INTO buch_genre (buch_id, genre_id) VALUES (243, 2);
INSERT INTO buch_genre (buch_id, genre_id) VALUES (243, 1);
INSERT INTO buch_genre (buch_id, genre_id) VALUES (243, 7);
INSERT INTO buch_genre (buch_id, genre_id) VALUES (244, 2);
INSERT INTO buch_genre (buch_id, genre_id) VALUES (244, 7);
INSERT INTO buch_genre (buch_id, genre_id) VALUES (245, 2);
INSERT INTO buch_genre (buch_id, genre_id) VALUES (245, 5);
INSERT INTO buch_genre (buch_id, genre_id) VALUES (246, 2);
INSERT INTO buch_genre (buch_id, genre_id) VALUES (246, 1);
INSERT INTO buch_genre (buch_id, genre_id) VALUES (246, 5);
INSERT INTO buch_genre (buch_id, genre_id) VALUES (247, 2);
INSERT INTO buch_genre (buch_id, genre_id) VALUES (247, 1);
INSERT INTO buch_genre (buch_id, genre_id) VALUES (248, 2);
INSERT INTO buch_genre (buch_id, genre_id) VALUES (249, 2);
INSERT INTO buch_genre (buch_id, genre_id) VALUES (249, 1);
INSERT INTO buch_genre (buch_id, genre_id) VALUES (250, 2);
INSERT INTO buch_genre (buch_id, genre_id) VALUES (250, 7);
INSERT INTO buch_genre (buch_id, genre_id) VALUES (251, 2);
INSERT INTO buch_genre (buch_id, genre_id) VALUES (251, 7);
INSERT INTO buch_genre (buch_id, genre_id) VALUES (252, 2);
INSERT INTO buch_genre (buch_id, genre_id) VALUES (253, 2);
INSERT INTO buch_genre (buch_id, genre_id) VALUES (254, 2);
INSERT INTO buch_genre (buch_id, genre_id) VALUES (255, 2);
INSERT INTO buch_genre (buch_id, genre_id) VALUES (256, 2);
INSERT INTO buch_genre (buch_id, genre_id) VALUES (256, 12);
INSERT INTO buch_genre (buch_id, genre_id) VALUES (256, 7);
INSERT INTO buch_genre (buch_id, genre_id) VALUES (257, 2);
INSERT INTO buch_genre (buch_id, genre_id) VALUES (258, 2);
INSERT INTO buch_genre (buch_id, genre_id) VALUES (259, 2);
INSERT INTO buch_genre (buch_id, genre_id) VALUES (259, 3);
INSERT INTO buch_genre (buch_id, genre_id) VALUES (259, 1);
INSERT INTO buch_genre (buch_id, genre_id) VALUES (260, 2);
INSERT INTO buch_genre (buch_id, genre_id) VALUES (261, 2);
INSERT INTO buch_genre (buch_id, genre_id) VALUES (262, 2);
INSERT INTO buch_genre (buch_id, genre_id) VALUES (262, 1);
INSERT INTO buch_genre (buch_id, genre_id) VALUES (262, 10);
INSERT INTO buch_genre (buch_id, genre_id) VALUES (262, 5);
INSERT INTO buch_genre (buch_id, genre_id) VALUES (263, 2);
INSERT INTO buch_genre (buch_id, genre_id) VALUES (263, 9);
INSERT INTO buch_genre (buch_id, genre_id) VALUES (264, 2);
INSERT INTO buch_genre (buch_id, genre_id) VALUES (264, 1);
INSERT INTO buch_genre (buch_id, genre_id) VALUES (265, 2);
INSERT INTO buch_genre (buch_id, genre_id) VALUES (266, 2);
INSERT INTO buch_genre (buch_id, genre_id) VALUES (266, 1);
INSERT INTO buch_genre (buch_id, genre_id) VALUES (267, 2);
INSERT INTO buch_genre (buch_id, genre_id) VALUES (267, 10);
INSERT INTO buch_genre (buch_id, genre_id) VALUES (268, 2);
INSERT INTO buch_genre (buch_id, genre_id) VALUES (268, 3);
INSERT INTO buch_genre (buch_id, genre_id) VALUES (269, 2);
INSERT INTO buch_genre (buch_id, genre_id) VALUES (269, 7);
INSERT INTO buch_genre (buch_id, genre_id) VALUES (270, 2);
INSERT INTO buch_genre (buch_id, genre_id) VALUES (270, 1);
INSERT INTO buch_genre (buch_id, genre_id) VALUES (271, 2);
INSERT INTO buch_genre (buch_id, genre_id) VALUES (272, 2);
INSERT INTO buch_genre (buch_id, genre_id) VALUES (272, 7);
INSERT INTO buch_genre (buch_id, genre_id) VALUES (273, 2);
INSERT INTO buch_genre (buch_id, genre_id) VALUES (273, 1);
INSERT INTO buch_genre (buch_id, genre_id) VALUES (274, 3);
INSERT INTO buch_genre (buch_id, genre_id) VALUES (275, 3);
INSERT INTO buch_genre (buch_id, genre_id) VALUES (275, 4);
INSERT INTO buch_genre (buch_id, genre_id) VALUES (276, 3);
INSERT INTO buch_genre (buch_id, genre_id) VALUES (276, 9);
INSERT INTO buch_genre (buch_id, genre_id) VALUES (277, 3);
INSERT INTO buch_genre (buch_id, genre_id) VALUES (278, 3);
INSERT INTO buch_genre (buch_id, genre_id) VALUES (278, 6);
INSERT INTO buch_genre (buch_id, genre_id) VALUES (279, 3);
INSERT INTO buch_genre (buch_id, genre_id) VALUES (280, 3);
INSERT INTO buch_genre (buch_id, genre_id) VALUES (281, 3);
INSERT INTO buch_genre (buch_id, genre_id) VALUES (282, 3);
INSERT INTO buch_genre (buch_id, genre_id) VALUES (283, 3);
INSERT INTO buch_genre (buch_id, genre_id) VALUES (283, 7);
INSERT INTO buch_genre (buch_id, genre_id) VALUES (283, 10);
INSERT INTO buch_genre (buch_id, genre_id) VALUES (284, 3);
INSERT INTO buch_genre (buch_id, genre_id) VALUES (285, 3);
INSERT INTO buch_genre (buch_id, genre_id) VALUES (285, 6);
INSERT INTO buch_genre (buch_id, genre_id) VALUES (286, 3);
INSERT INTO buch_genre (buch_id, genre_id) VALUES (287, 3);
INSERT INTO buch_genre (buch_id, genre_id) VALUES (288, 3);
INSERT INTO buch_genre (buch_id, genre_id) VALUES (289, 3);
INSERT INTO buch_genre (buch_id, genre_id) VALUES (290, 3);
INSERT INTO buch_genre (buch_id, genre_id) VALUES (291, 3);
INSERT INTO buch_genre (buch_id, genre_id) VALUES (291, 4);
INSERT INTO buch_genre (buch_id, genre_id) VALUES (291, 5);
INSERT INTO buch_genre (buch_id, genre_id) VALUES (292, 12);
INSERT INTO buch_genre (buch_id, genre_id) VALUES (292, 3);
INSERT INTO buch_genre (buch_id, genre_id) VALUES (292, 7);
INSERT INTO buch_genre (buch_id, genre_id) VALUES (292, 10);
INSERT INTO buch_genre (buch_id, genre_id) VALUES (293, 3);
INSERT INTO buch_genre (buch_id, genre_id) VALUES (294, 3);
INSERT INTO buch_genre (buch_id, genre_id) VALUES (295, 3);
INSERT INTO buch_genre (buch_id, genre_id) VALUES (295, 4);
INSERT INTO buch_genre (buch_id, genre_id) VALUES (296, 3);
INSERT INTO buch_genre (buch_id, genre_id) VALUES (297, 3);
INSERT INTO buch_genre (buch_id, genre_id) VALUES (298, 3);
INSERT INTO buch_genre (buch_id, genre_id) VALUES (298, 7);
INSERT INTO buch_genre (buch_id, genre_id) VALUES (298, 10);
INSERT INTO buch_genre (buch_id, genre_id) VALUES (299, 3);
INSERT INTO buch_genre (buch_id, genre_id) VALUES (300, 3);

COMMIT;


-- =============================================================
-- 10. EXEMPLARE (ca. 200 Stück, nutzer 1-27 als Besitzer)
-- abholort_id zeigt auf eine der Adressen des jeweiligen Besitzers
-- Adressen: nutzer 1-15 haben adresse_id 1-15
--           nutzer 16 hat adresse_id 16-17, nutzer 17: 18-19, ...
-- =============================================================

INSERT INTO exemplar (exemplar_id, buch_id, besitzer_id, abholort_id, zustand, postversand_moeglich, max_leihdauer_tage) VALUES (1, 1,  1,  1,  'GUT',       1, 14);
INSERT INTO exemplar (exemplar_id, buch_id, besitzer_id, abholort_id, zustand, postversand_moeglich, max_leihdauer_tage) VALUES (2, 2,  1,  1,  'GUT',       0, 21);
INSERT INTO exemplar (exemplar_id, buch_id, besitzer_id, abholort_id, zustand, postversand_moeglich, max_leihdauer_tage) VALUES (3, 3,  1,  1,  'NEU',       1, 30);
INSERT INTO exemplar (exemplar_id, buch_id, besitzer_id, abholort_id, zustand, postversand_moeglich, max_leihdauer_tage) VALUES (4, 4,  1,  1,  'AKZEPTABEL',0, 14);
INSERT INTO exemplar (exemplar_id, buch_id, besitzer_id, abholort_id, zustand, postversand_moeglich, max_leihdauer_tage) VALUES (5, 5,  1,  1,  'GUT',       1, 21);
INSERT INTO exemplar (exemplar_id, buch_id, besitzer_id, abholort_id, zustand, postversand_moeglich, max_leihdauer_tage) VALUES (6, 6,  2,  2,  'GUT',       1, 21);
INSERT INTO exemplar (exemplar_id, buch_id, besitzer_id, abholort_id, zustand, postversand_moeglich, max_leihdauer_tage) VALUES (7, 7,  2,  2,  'NEU',       0, 14);
INSERT INTO exemplar (exemplar_id, buch_id, besitzer_id, abholort_id, zustand, postversand_moeglich, max_leihdauer_tage) VALUES (8, 8,  2,  2,  'GUT',       1, 30);
INSERT INTO exemplar (exemplar_id, buch_id, besitzer_id, abholort_id, zustand, postversand_moeglich, max_leihdauer_tage) VALUES (9, 9,  2,  2,  'AKZEPTABEL',0, 21);
INSERT INTO exemplar (exemplar_id, buch_id, besitzer_id, abholort_id, zustand, postversand_moeglich, max_leihdauer_tage) VALUES (10, 10, 3,  3,  'GUT',       1, 14);
INSERT INTO exemplar (exemplar_id, buch_id, besitzer_id, abholort_id, zustand, postversand_moeglich, max_leihdauer_tage) VALUES (11, 11, 3,  3,  'SCHLECHT',  0, 7);
INSERT INTO exemplar (exemplar_id, buch_id, besitzer_id, abholort_id, zustand, postversand_moeglich, max_leihdauer_tage) VALUES (12, 12, 3,  3,  'GUT',       1, 21);
INSERT INTO exemplar (exemplar_id, buch_id, besitzer_id, abholort_id, zustand, postversand_moeglich, max_leihdauer_tage) VALUES (13, 13, 4,  4,  'NEU',       1, 30);
INSERT INTO exemplar (exemplar_id, buch_id, besitzer_id, abholort_id, zustand, postversand_moeglich, max_leihdauer_tage) VALUES (14, 14, 4,  4,  'GUT',       0, 14);
INSERT INTO exemplar (exemplar_id, buch_id, besitzer_id, abholort_id, zustand, postversand_moeglich, max_leihdauer_tage) VALUES (15, 15, 4,  4,  'AKZEPTABEL',1, 21);
INSERT INTO exemplar (exemplar_id, buch_id, besitzer_id, abholort_id, zustand, postversand_moeglich, max_leihdauer_tage) VALUES (16, 16, 5,  5,  'GUT',       1, 14);
INSERT INTO exemplar (exemplar_id, buch_id, besitzer_id, abholort_id, zustand, postversand_moeglich, max_leihdauer_tage) VALUES (17, 17, 5,  5,  'NEU',       1, 30);
INSERT INTO exemplar (exemplar_id, buch_id, besitzer_id, abholort_id, zustand, postversand_moeglich, max_leihdauer_tage) VALUES (18, 18, 5,  5,  'GUT',       0, 14);
INSERT INTO exemplar (exemplar_id, buch_id, besitzer_id, abholort_id, zustand, postversand_moeglich, max_leihdauer_tage) VALUES (19, 19, 6,  6,  'AKZEPTABEL',1, 21);
INSERT INTO exemplar (exemplar_id, buch_id, besitzer_id, abholort_id, zustand, postversand_moeglich, max_leihdauer_tage) VALUES (20, 20, 6,  6,  'GUT',       0, 14);
INSERT INTO exemplar (exemplar_id, buch_id, besitzer_id, abholort_id, zustand, postversand_moeglich, max_leihdauer_tage) VALUES (21, 21, 6,  6,  'NEU',       1, 21);
INSERT INTO exemplar (exemplar_id, buch_id, besitzer_id, abholort_id, zustand, postversand_moeglich, max_leihdauer_tage) VALUES (22, 22, 7,  7,  'GUT',       1, 30);
INSERT INTO exemplar (exemplar_id, buch_id, besitzer_id, abholort_id, zustand, postversand_moeglich, max_leihdauer_tage) VALUES (23, 23, 7,  7,  'GUT',       0, 14);
INSERT INTO exemplar (exemplar_id, buch_id, besitzer_id, abholort_id, zustand, postversand_moeglich, max_leihdauer_tage) VALUES (24, 24, 7,  7,  'AKZEPTABEL',1, 21);
INSERT INTO exemplar (exemplar_id, buch_id, besitzer_id, abholort_id, zustand, postversand_moeglich, max_leihdauer_tage) VALUES (25, 25, 8,  8,  'GUT',       1, 14);
INSERT INTO exemplar (exemplar_id, buch_id, besitzer_id, abholort_id, zustand, postversand_moeglich, max_leihdauer_tage) VALUES (26, 26, 8,  8,  'NEU',       0, 30);
INSERT INTO exemplar (exemplar_id, buch_id, besitzer_id, abholort_id, zustand, postversand_moeglich, max_leihdauer_tage) VALUES (27, 27, 8,  8,  'GUT',       1, 21);
INSERT INTO exemplar (exemplar_id, buch_id, besitzer_id, abholort_id, zustand, postversand_moeglich, max_leihdauer_tage) VALUES (28, 28, 9,  9,  'AKZEPTABEL',0, 14);
INSERT INTO exemplar (exemplar_id, buch_id, besitzer_id, abholort_id, zustand, postversand_moeglich, max_leihdauer_tage) VALUES (29, 29, 9,  9,  'GUT',       1, 21);
INSERT INTO exemplar (exemplar_id, buch_id, besitzer_id, abholort_id, zustand, postversand_moeglich, max_leihdauer_tage) VALUES (30, 30, 9,  9,  'GUT',       1, 14);
INSERT INTO exemplar (exemplar_id, buch_id, besitzer_id, abholort_id, zustand, postversand_moeglich, max_leihdauer_tage) VALUES (31, 31, 10, 10, 'NEU',       1, 30);
INSERT INTO exemplar (exemplar_id, buch_id, besitzer_id, abholort_id, zustand, postversand_moeglich, max_leihdauer_tage) VALUES (32, 32, 10, 10, 'GUT',       0, 21);
INSERT INTO exemplar (exemplar_id, buch_id, besitzer_id, abholort_id, zustand, postversand_moeglich, max_leihdauer_tage) VALUES (33, 33, 10, 10, 'GUT',       1, 14);
INSERT INTO exemplar (exemplar_id, buch_id, besitzer_id, abholort_id, zustand, postversand_moeglich, max_leihdauer_tage) VALUES (34, 34, 11, 11, 'AKZEPTABEL',1, 21);
INSERT INTO exemplar (exemplar_id, buch_id, besitzer_id, abholort_id, zustand, postversand_moeglich, max_leihdauer_tage) VALUES (35, 35, 11, 11, 'GUT',       0, 14);
INSERT INTO exemplar (exemplar_id, buch_id, besitzer_id, abholort_id, zustand, postversand_moeglich, max_leihdauer_tage) VALUES (36, 36, 11, 11, 'NEU',       1, 30);
INSERT INTO exemplar (exemplar_id, buch_id, besitzer_id, abholort_id, zustand, postversand_moeglich, max_leihdauer_tage) VALUES (37, 37, 12, 12, 'GUT',       1, 21);
INSERT INTO exemplar (exemplar_id, buch_id, besitzer_id, abholort_id, zustand, postversand_moeglich, max_leihdauer_tage) VALUES (38, 38, 12, 12, 'GUT',       0, 14);
INSERT INTO exemplar (exemplar_id, buch_id, besitzer_id, abholort_id, zustand, postversand_moeglich, max_leihdauer_tage) VALUES (39, 39, 12, 12, 'AKZEPTABEL',1, 21);
INSERT INTO exemplar (exemplar_id, buch_id, besitzer_id, abholort_id, zustand, postversand_moeglich, max_leihdauer_tage) VALUES (40, 40, 13, 13, 'NEU',       1, 14);
INSERT INTO exemplar (exemplar_id, buch_id, besitzer_id, abholort_id, zustand, postversand_moeglich, max_leihdauer_tage) VALUES (41, 41, 13, 13, 'GUT',       1, 30);
INSERT INTO exemplar (exemplar_id, buch_id, besitzer_id, abholort_id, zustand, postversand_moeglich, max_leihdauer_tage) VALUES (42, 42, 13, 13, 'GUT',       0, 21);
INSERT INTO exemplar (exemplar_id, buch_id, besitzer_id, abholort_id, zustand, postversand_moeglich, max_leihdauer_tage) VALUES (43, 43, 14, 14, 'AKZEPTABEL',1, 14);
INSERT INTO exemplar (exemplar_id, buch_id, besitzer_id, abholort_id, zustand, postversand_moeglich, max_leihdauer_tage) VALUES (44, 44, 14, 14, 'GUT',       0, 21);
INSERT INTO exemplar (exemplar_id, buch_id, besitzer_id, abholort_id, zustand, postversand_moeglich, max_leihdauer_tage) VALUES (45, 45, 14, 14, 'NEU',       1, 30);
INSERT INTO exemplar (exemplar_id, buch_id, besitzer_id, abholort_id, zustand, postversand_moeglich, max_leihdauer_tage) VALUES (46, 46, 15, 15, 'GUT',       1, 21);
INSERT INTO exemplar (exemplar_id, buch_id, besitzer_id, abholort_id, zustand, postversand_moeglich, max_leihdauer_tage) VALUES (47, 47, 15, 15, 'GUT',       0, 14);
INSERT INTO exemplar (exemplar_id, buch_id, besitzer_id, abholort_id, zustand, postversand_moeglich, max_leihdauer_tage) VALUES (48, 48, 15, 15, 'AKZEPTABEL',1, 21);
INSERT INTO exemplar (exemplar_id, buch_id, besitzer_id, abholort_id, zustand, postversand_moeglich, max_leihdauer_tage) VALUES (49, 50, 16, 16, 'GUT',       1, 14);
INSERT INTO exemplar (exemplar_id, buch_id, besitzer_id, abholort_id, zustand, postversand_moeglich, max_leihdauer_tage) VALUES (50, 51, 16, 16, 'NEU',       0, 30);
INSERT INTO exemplar (exemplar_id, buch_id, besitzer_id, abholort_id, zustand, postversand_moeglich, max_leihdauer_tage) VALUES (51, 52, 16, 16, 'GUT',       1, 21);
INSERT INTO exemplar (exemplar_id, buch_id, besitzer_id, abholort_id, zustand, postversand_moeglich, max_leihdauer_tage) VALUES (52, 53, 17, 18, 'GUT',       1, 14);
INSERT INTO exemplar (exemplar_id, buch_id, besitzer_id, abholort_id, zustand, postversand_moeglich, max_leihdauer_tage) VALUES (53, 54, 17, 18, 'AKZEPTABEL',0, 21);
INSERT INTO exemplar (exemplar_id, buch_id, besitzer_id, abholort_id, zustand, postversand_moeglich, max_leihdauer_tage) VALUES (54, 55, 17, 18, 'GUT',       1, 30);
INSERT INTO exemplar (exemplar_id, buch_id, besitzer_id, abholort_id, zustand, postversand_moeglich, max_leihdauer_tage) VALUES (55, 56, 18, 20, 'NEU',       1, 14);
INSERT INTO exemplar (exemplar_id, buch_id, besitzer_id, abholort_id, zustand, postversand_moeglich, max_leihdauer_tage) VALUES (56, 57, 18, 20, 'GUT',       0, 21);
INSERT INTO exemplar (exemplar_id, buch_id, besitzer_id, abholort_id, zustand, postversand_moeglich, max_leihdauer_tage) VALUES (57, 58, 18, 20, 'GUT',       1, 14);
INSERT INTO exemplar (exemplar_id, buch_id, besitzer_id, abholort_id, zustand, postversand_moeglich, max_leihdauer_tage) VALUES (58, 59, 19, 22, 'AKZEPTABEL',1, 21);
INSERT INTO exemplar (exemplar_id, buch_id, besitzer_id, abholort_id, zustand, postversand_moeglich, max_leihdauer_tage) VALUES (59, 60, 19, 22, 'GUT',       0, 14);
INSERT INTO exemplar (exemplar_id, buch_id, besitzer_id, abholort_id, zustand, postversand_moeglich, max_leihdauer_tage) VALUES (60, 61, 19, 22, 'NEU',       1, 30);
INSERT INTO exemplar (exemplar_id, buch_id, besitzer_id, abholort_id, zustand, postversand_moeglich, max_leihdauer_tage) VALUES (61, 62, 20, 24, 'GUT',       1, 14);
INSERT INTO exemplar (exemplar_id, buch_id, besitzer_id, abholort_id, zustand, postversand_moeglich, max_leihdauer_tage) VALUES (62, 63, 20, 24, 'GUT',       0, 21);
INSERT INTO exemplar (exemplar_id, buch_id, besitzer_id, abholort_id, zustand, postversand_moeglich, max_leihdauer_tage) VALUES (63, 64, 20, 24, 'AKZEPTABEL',1, 14);
INSERT INTO exemplar (exemplar_id, buch_id, besitzer_id, abholort_id, zustand, postversand_moeglich, max_leihdauer_tage) VALUES (64, 65, 21, 26, 'GUT',       1, 21);
INSERT INTO exemplar (exemplar_id, buch_id, besitzer_id, abholort_id, zustand, postversand_moeglich, max_leihdauer_tage) VALUES (65, 66, 21, 26, 'NEU',       0, 30);
INSERT INTO exemplar (exemplar_id, buch_id, besitzer_id, abholort_id, zustand, postversand_moeglich, max_leihdauer_tage) VALUES (66, 67, 21, 26, 'GUT',       1, 14);
INSERT INTO exemplar (exemplar_id, buch_id, besitzer_id, abholort_id, zustand, postversand_moeglich, max_leihdauer_tage) VALUES (67, 68, 22, 28, 'GUT',       1, 21);
INSERT INTO exemplar (exemplar_id, buch_id, besitzer_id, abholort_id, zustand, postversand_moeglich, max_leihdauer_tage) VALUES (68, 69, 22, 28, 'AKZEPTABEL',0, 14);
INSERT INTO exemplar (exemplar_id, buch_id, besitzer_id, abholort_id, zustand, postversand_moeglich, max_leihdauer_tage) VALUES (69, 70, 22, 28, 'GUT',       1, 21);
INSERT INTO exemplar (exemplar_id, buch_id, besitzer_id, abholort_id, zustand, postversand_moeglich, max_leihdauer_tage) VALUES (70, 71, 23, 30, 'NEU',       1, 30);
INSERT INTO exemplar (exemplar_id, buch_id, besitzer_id, abholort_id, zustand, postversand_moeglich, max_leihdauer_tage) VALUES (71, 72, 23, 30, 'GUT',       0, 14);
INSERT INTO exemplar (exemplar_id, buch_id, besitzer_id, abholort_id, zustand, postversand_moeglich, max_leihdauer_tage) VALUES (72, 73, 23, 30, 'GUT',       1, 21);
INSERT INTO exemplar (exemplar_id, buch_id, besitzer_id, abholort_id, zustand, postversand_moeglich, max_leihdauer_tage) VALUES (73, 74, 24, 31, 'AKZEPTABEL',1, 14);
INSERT INTO exemplar (exemplar_id, buch_id, besitzer_id, abholort_id, zustand, postversand_moeglich, max_leihdauer_tage) VALUES (74, 75, 24, 31, 'GUT',       0, 21);
INSERT INTO exemplar (exemplar_id, buch_id, besitzer_id, abholort_id, zustand, postversand_moeglich, max_leihdauer_tage) VALUES (75, 76, 24, 31, 'NEU',       1, 30);
INSERT INTO exemplar (exemplar_id, buch_id, besitzer_id, abholort_id, zustand, postversand_moeglich, max_leihdauer_tage) VALUES (76, 77, 25, 35, 'GUT',       1, 14);
INSERT INTO exemplar (exemplar_id, buch_id, besitzer_id, abholort_id, zustand, postversand_moeglich, max_leihdauer_tage) VALUES (77, 78, 25, 35, 'GUT',       0, 21);
INSERT INTO exemplar (exemplar_id, buch_id, besitzer_id, abholort_id, zustand, postversand_moeglich, max_leihdauer_tage) VALUES (78, 79, 25, 35, 'AKZEPTABEL',1, 14);
INSERT INTO exemplar (exemplar_id, buch_id, besitzer_id, abholort_id, zustand, postversand_moeglich, max_leihdauer_tage) VALUES (79, 80, 26, 39, 'GUT',       1, 21);
INSERT INTO exemplar (exemplar_id, buch_id, besitzer_id, abholort_id, zustand, postversand_moeglich, max_leihdauer_tage) VALUES (80, 81, 26, 39, 'NEU',       0, 30);
INSERT INTO exemplar (exemplar_id, buch_id, besitzer_id, abholort_id, zustand, postversand_moeglich, max_leihdauer_tage) VALUES (81, 82, 26, 39, 'GUT',       1, 14);
INSERT INTO exemplar (exemplar_id, buch_id, besitzer_id, abholort_id, zustand, postversand_moeglich, max_leihdauer_tage) VALUES (82, 83, 27, 44, 'GUT',       1, 21);
INSERT INTO exemplar (exemplar_id, buch_id, besitzer_id, abholort_id, zustand, postversand_moeglich, max_leihdauer_tage) VALUES (83, 84, 27, 44, 'AKZEPTABEL',0, 14);
INSERT INTO exemplar (exemplar_id, buch_id, besitzer_id, abholort_id, zustand, postversand_moeglich, max_leihdauer_tage) VALUES (84, 85, 27, 44, 'GUT',       1, 21);
INSERT INTO exemplar (exemplar_id, buch_id, besitzer_id, abholort_id, zustand, postversand_moeglich, max_leihdauer_tage) VALUES (85, 86, 1,  1,  'NEU',       1, 14);
INSERT INTO exemplar (exemplar_id, buch_id, besitzer_id, abholort_id, zustand, postversand_moeglich, max_leihdauer_tage) VALUES (86, 87, 2,  2,  'GUT',       0, 21);
INSERT INTO exemplar (exemplar_id, buch_id, besitzer_id, abholort_id, zustand, postversand_moeglich, max_leihdauer_tage) VALUES (87, 88, 3,  3,  'GUT',       1, 30);
INSERT INTO exemplar (exemplar_id, buch_id, besitzer_id, abholort_id, zustand, postversand_moeglich, max_leihdauer_tage) VALUES (88, 89, 4,  4,  'AKZEPTABEL',1, 14);
INSERT INTO exemplar (exemplar_id, buch_id, besitzer_id, abholort_id, zustand, postversand_moeglich, max_leihdauer_tage) VALUES (89, 90, 5,  5,  'GUT',       0, 21);
INSERT INTO exemplar (exemplar_id, buch_id, besitzer_id, abholort_id, zustand, postversand_moeglich, max_leihdauer_tage) VALUES (90, 91, 6,  6,  'NEU',       1, 30);
INSERT INTO exemplar (exemplar_id, buch_id, besitzer_id, abholort_id, zustand, postversand_moeglich, max_leihdauer_tage) VALUES (91, 92, 7,  7,  'GUT',       1, 14);
INSERT INTO exemplar (exemplar_id, buch_id, besitzer_id, abholort_id, zustand, postversand_moeglich, max_leihdauer_tage) VALUES (92, 93, 8,  8,  'GUT',       0, 21);
INSERT INTO exemplar (exemplar_id, buch_id, besitzer_id, abholort_id, zustand, postversand_moeglich, max_leihdauer_tage) VALUES (93, 94, 9,  9,  'AKZEPTABEL',1, 14);
INSERT INTO exemplar (exemplar_id, buch_id, besitzer_id, abholort_id, zustand, postversand_moeglich, max_leihdauer_tage) VALUES (94, 95, 10, 10, 'GUT',       1, 21);
INSERT INTO exemplar (exemplar_id, buch_id, besitzer_id, abholort_id, zustand, postversand_moeglich, max_leihdauer_tage) VALUES (95, 96, 11, 11, 'NEU',       0, 30);
INSERT INTO exemplar (exemplar_id, buch_id, besitzer_id, abholort_id, zustand, postversand_moeglich, max_leihdauer_tage) VALUES (96, 97, 12, 12, 'GUT',       1, 14);
INSERT INTO exemplar (exemplar_id, buch_id, besitzer_id, abholort_id, zustand, postversand_moeglich, max_leihdauer_tage) VALUES (97, 98, 13, 13, 'GUT',       1, 21);
INSERT INTO exemplar (exemplar_id, buch_id, besitzer_id, abholort_id, zustand, postversand_moeglich, max_leihdauer_tage) VALUES (98, 99, 14, 14, 'AKZEPTABEL',0, 14);
INSERT INTO exemplar (exemplar_id, buch_id, besitzer_id, abholort_id, zustand, postversand_moeglich, max_leihdauer_tage) VALUES (99, 100,15, 15, 'GUT',       1, 21);
INSERT INTO exemplar (exemplar_id, buch_id, besitzer_id, abholort_id, zustand, postversand_moeglich, max_leihdauer_tage) VALUES (100, 101,16, 16, 'GUT',       1, 14);
INSERT INTO exemplar (exemplar_id, buch_id, besitzer_id, abholort_id, zustand, postversand_moeglich, max_leihdauer_tage) VALUES (101, 102,17, 18, 'NEU',       0, 30);
INSERT INTO exemplar (exemplar_id, buch_id, besitzer_id, abholort_id, zustand, postversand_moeglich, max_leihdauer_tage) VALUES (102, 103,18, 20, 'GUT',       1, 21);
INSERT INTO exemplar (exemplar_id, buch_id, besitzer_id, abholort_id, zustand, postversand_moeglich, max_leihdauer_tage) VALUES (103, 104,19, 22, 'AKZEPTABEL',1, 14);
INSERT INTO exemplar (exemplar_id, buch_id, besitzer_id, abholort_id, zustand, postversand_moeglich, max_leihdauer_tage) VALUES (104, 105,20, 24, 'GUT',       0, 21);
INSERT INTO exemplar (exemplar_id, buch_id, besitzer_id, abholort_id, zustand, postversand_moeglich, max_leihdauer_tage) VALUES (105, 106,21, 26, 'GUT',       1, 14);
INSERT INTO exemplar (exemplar_id, buch_id, besitzer_id, abholort_id, zustand, postversand_moeglich, max_leihdauer_tage) VALUES (106, 107,22, 28, 'NEU',       1, 30);
INSERT INTO exemplar (exemplar_id, buch_id, besitzer_id, abholort_id, zustand, postversand_moeglich, max_leihdauer_tage) VALUES (107, 108,23, 30, 'GUT',       0, 21);
INSERT INTO exemplar (exemplar_id, buch_id, besitzer_id, abholort_id, zustand, postversand_moeglich, max_leihdauer_tage) VALUES (108, 109,24, 31, 'GUT',       1, 14);
INSERT INTO exemplar (exemplar_id, buch_id, besitzer_id, abholort_id, zustand, postversand_moeglich, max_leihdauer_tage) VALUES (109, 110,25, 35, 'AKZEPTABEL',1, 21);
INSERT INTO exemplar (exemplar_id, buch_id, besitzer_id, abholort_id, zustand, postversand_moeglich, max_leihdauer_tage) VALUES (110, 111,26, 39, 'GUT',       0, 14);
INSERT INTO exemplar (exemplar_id, buch_id, besitzer_id, abholort_id, zustand, postversand_moeglich, max_leihdauer_tage) VALUES (111, 112,27, 44, 'NEU',       1, 30);
INSERT INTO exemplar (exemplar_id, buch_id, besitzer_id, abholort_id, zustand, postversand_moeglich, max_leihdauer_tage) VALUES (112, 113,1,  1,  'GUT',       1, 21);
INSERT INTO exemplar (exemplar_id, buch_id, besitzer_id, abholort_id, zustand, postversand_moeglich, max_leihdauer_tage) VALUES (113, 114,2,  2,  'GUT',       0, 14);
INSERT INTO exemplar (exemplar_id, buch_id, besitzer_id, abholort_id, zustand, postversand_moeglich, max_leihdauer_tage) VALUES (114, 115,3,  3,  'AKZEPTABEL',1, 21);
INSERT INTO exemplar (exemplar_id, buch_id, besitzer_id, abholort_id, zustand, postversand_moeglich, max_leihdauer_tage) VALUES (115, 116,4,  4,  'GUT',       1, 14);
INSERT INTO exemplar (exemplar_id, buch_id, besitzer_id, abholort_id, zustand, postversand_moeglich, max_leihdauer_tage) VALUES (116, 117,5,  5,  'NEU',       0, 30);
INSERT INTO exemplar (exemplar_id, buch_id, besitzer_id, abholort_id, zustand, postversand_moeglich, max_leihdauer_tage) VALUES (117, 118,6,  6,  'GUT',       1, 14);
INSERT INTO exemplar (exemplar_id, buch_id, besitzer_id, abholort_id, zustand, postversand_moeglich, max_leihdauer_tage) VALUES (118, 119,7,  7,  'GUT',       1, 21);
INSERT INTO exemplar (exemplar_id, buch_id, besitzer_id, abholort_id, zustand, postversand_moeglich, max_leihdauer_tage) VALUES (119, 120,8,  8,  'AKZEPTABEL',0, 14);
INSERT INTO exemplar (exemplar_id, buch_id, besitzer_id, abholort_id, zustand, postversand_moeglich, max_leihdauer_tage) VALUES (120, 121,9,  9,  'GUT',       1, 21);
INSERT INTO exemplar (exemplar_id, buch_id, besitzer_id, abholort_id, zustand, postversand_moeglich, max_leihdauer_tage) VALUES (121, 122,10, 10, 'GUT',       0, 30);
INSERT INTO exemplar (exemplar_id, buch_id, besitzer_id, abholort_id, zustand, postversand_moeglich, max_leihdauer_tage) VALUES (122, 123,11, 11, 'NEU',       1, 14);
INSERT INTO exemplar (exemplar_id, buch_id, besitzer_id, abholort_id, zustand, postversand_moeglich, max_leihdauer_tage) VALUES (123, 124,12, 12, 'GUT',       1, 21);
INSERT INTO exemplar (exemplar_id, buch_id, besitzer_id, abholort_id, zustand, postversand_moeglich, max_leihdauer_tage) VALUES (124, 125,13, 13, 'GUT',       0, 14);
INSERT INTO exemplar (exemplar_id, buch_id, besitzer_id, abholort_id, zustand, postversand_moeglich, max_leihdauer_tage) VALUES (125, 126,14, 14, 'AKZEPTABEL',1, 21);
INSERT INTO exemplar (exemplar_id, buch_id, besitzer_id, abholort_id, zustand, postversand_moeglich, max_leihdauer_tage) VALUES (126, 127,15, 15, 'GUT',       1, 14);
INSERT INTO exemplar (exemplar_id, buch_id, besitzer_id, abholort_id, zustand, postversand_moeglich, max_leihdauer_tage) VALUES (127, 128,16, 16, 'NEU',       0, 30);
INSERT INTO exemplar (exemplar_id, buch_id, besitzer_id, abholort_id, zustand, postversand_moeglich, max_leihdauer_tage) VALUES (128, 129,17, 18, 'GUT',       1, 21);
INSERT INTO exemplar (exemplar_id, buch_id, besitzer_id, abholort_id, zustand, postversand_moeglich, max_leihdauer_tage) VALUES (129, 130,18, 20, 'GUT',       1, 14);
INSERT INTO exemplar (exemplar_id, buch_id, besitzer_id, abholort_id, zustand, postversand_moeglich, max_leihdauer_tage) VALUES (130, 131,19, 22, 'AKZEPTABEL',0, 21);
INSERT INTO exemplar (exemplar_id, buch_id, besitzer_id, abholort_id, zustand, postversand_moeglich, max_leihdauer_tage) VALUES (131, 132,20, 24, 'GUT',       1, 14);
INSERT INTO exemplar (exemplar_id, buch_id, besitzer_id, abholort_id, zustand, postversand_moeglich, max_leihdauer_tage) VALUES (132, 133,21, 26, 'GUT',       1, 21);
INSERT INTO exemplar (exemplar_id, buch_id, besitzer_id, abholort_id, zustand, postversand_moeglich, max_leihdauer_tage) VALUES (133, 134,22, 28, 'NEU',       0, 30);
INSERT INTO exemplar (exemplar_id, buch_id, besitzer_id, abholort_id, zustand, postversand_moeglich, max_leihdauer_tage) VALUES (134, 135,23, 30, 'GUT',       1, 14);
INSERT INTO exemplar (exemplar_id, buch_id, besitzer_id, abholort_id, zustand, postversand_moeglich, max_leihdauer_tage) VALUES (135, 136,24, 31, 'AKZEPTABEL',1, 21);
INSERT INTO exemplar (exemplar_id, buch_id, besitzer_id, abholort_id, zustand, postversand_moeglich, max_leihdauer_tage) VALUES (136, 137,25, 35, 'GUT',       0, 14);
INSERT INTO exemplar (exemplar_id, buch_id, besitzer_id, abholort_id, zustand, postversand_moeglich, max_leihdauer_tage) VALUES (137, 138,26, 39, 'GUT',       1, 21);
INSERT INTO exemplar (exemplar_id, buch_id, besitzer_id, abholort_id, zustand, postversand_moeglich, max_leihdauer_tage) VALUES (138, 139,27, 44, 'NEU',       1, 14);
INSERT INTO exemplar (exemplar_id, buch_id, besitzer_id, abholort_id, zustand, postversand_moeglich, max_leihdauer_tage) VALUES (139, 140,1,  1,  'GUT',       0, 30);
INSERT INTO exemplar (exemplar_id, buch_id, besitzer_id, abholort_id, zustand, postversand_moeglich, max_leihdauer_tage) VALUES (140, 141,2,  2,  'GUT',       1, 21);
INSERT INTO exemplar (exemplar_id, buch_id, besitzer_id, abholort_id, zustand, postversand_moeglich, max_leihdauer_tage) VALUES (141, 142,3,  3,  'AKZEPTABEL',1, 14);
INSERT INTO exemplar (exemplar_id, buch_id, besitzer_id, abholort_id, zustand, postversand_moeglich, max_leihdauer_tage) VALUES (142, 143,4,  4,  'GUT',       0, 21);
INSERT INTO exemplar (exemplar_id, buch_id, besitzer_id, abholort_id, zustand, postversand_moeglich, max_leihdauer_tage) VALUES (143, 144,5,  5,  'NEU',       1, 14);
INSERT INTO exemplar (exemplar_id, buch_id, besitzer_id, abholort_id, zustand, postversand_moeglich, max_leihdauer_tage) VALUES (144, 145,6,  6,  'GUT',       1, 30);
INSERT INTO exemplar (exemplar_id, buch_id, besitzer_id, abholort_id, zustand, postversand_moeglich, max_leihdauer_tage) VALUES (145, 146,7,  7,  'GUT',       0, 21);
INSERT INTO exemplar (exemplar_id, buch_id, besitzer_id, abholort_id, zustand, postversand_moeglich, max_leihdauer_tage) VALUES (146, 147,8,  8,  'AKZEPTABEL',1, 14);
INSERT INTO exemplar (exemplar_id, buch_id, besitzer_id, abholort_id, zustand, postversand_moeglich, max_leihdauer_tage) VALUES (147, 148,9,  9,  'GUT',       1, 21);
INSERT INTO exemplar (exemplar_id, buch_id, besitzer_id, abholort_id, zustand, postversand_moeglich, max_leihdauer_tage) VALUES (148, 149,10, 10, 'GUT',       0, 14);
INSERT INTO exemplar (exemplar_id, buch_id, besitzer_id, abholort_id, zustand, postversand_moeglich, max_leihdauer_tage) VALUES (149, 150,11, 11, 'NEU',       1, 30);
INSERT INTO exemplar (exemplar_id, buch_id, besitzer_id, abholort_id, zustand, postversand_moeglich, max_leihdauer_tage) VALUES (150, 1,  5,  5,  'AKZEPTABEL', 0, 14);
INSERT INTO exemplar (exemplar_id, buch_id, besitzer_id, abholort_id, zustand, postversand_moeglich, max_leihdauer_tage) VALUES (151, 1,  12, 12, 'GUT',        1, 21);
INSERT INTO exemplar (exemplar_id, buch_id, besitzer_id, abholort_id, zustand, postversand_moeglich, max_leihdauer_tage) VALUES (152, 7,  3,  3,  'NEU',        1, 30);
INSERT INTO exemplar (exemplar_id, buch_id, besitzer_id, abholort_id, zustand, postversand_moeglich, max_leihdauer_tage) VALUES (153, 7,  15, 15, 'GUT',        0, 14);
INSERT INTO exemplar (exemplar_id, buch_id, besitzer_id, abholort_id, zustand, postversand_moeglich, max_leihdauer_tage) VALUES (154, 8,  6,  6,  'GUT',        1, 21);
INSERT INTO exemplar (exemplar_id, buch_id, besitzer_id, abholort_id, zustand, postversand_moeglich, max_leihdauer_tage) VALUES (155, 8,  20, 24, 'AKZEPTABEL', 0, 14);
INSERT INTO exemplar (exemplar_id, buch_id, besitzer_id, abholort_id, zustand, postversand_moeglich, max_leihdauer_tage) VALUES (156, 9,  4,  4,  'GUT',        1, 21);
INSERT INTO exemplar (exemplar_id, buch_id, besitzer_id, abholort_id, zustand, postversand_moeglich, max_leihdauer_tage) VALUES (157, 9,  17, 18, 'NEU',        1, 14);
INSERT INTO exemplar (exemplar_id, buch_id, besitzer_id, abholort_id, zustand, postversand_moeglich, max_leihdauer_tage) VALUES (158, 9,  25, 35, 'AKZEPTABEL', 0, 30);
INSERT INTO exemplar (exemplar_id, buch_id, besitzer_id, abholort_id, zustand, postversand_moeglich, max_leihdauer_tage) VALUES (159, 21, 8,  8,  'GUT',        1, 14);
INSERT INTO exemplar (exemplar_id, buch_id, besitzer_id, abholort_id, zustand, postversand_moeglich, max_leihdauer_tage) VALUES (160, 21, 14, 14, 'AKZEPTABEL', 0, 21);
INSERT INTO exemplar (exemplar_id, buch_id, besitzer_id, abholort_id, zustand, postversand_moeglich, max_leihdauer_tage) VALUES (161, 25, 10, 10, 'GUT',        1, 21);
INSERT INTO exemplar (exemplar_id, buch_id, besitzer_id, abholort_id, zustand, postversand_moeglich, max_leihdauer_tage) VALUES (162, 25, 19, 22, 'NEU',        1, 14);
INSERT INTO exemplar (exemplar_id, buch_id, besitzer_id, abholort_id, zustand, postversand_moeglich, max_leihdauer_tage) VALUES (163, 36, 7,  7,  'GUT',        0, 21);
INSERT INTO exemplar (exemplar_id, buch_id, besitzer_id, abholort_id, zustand, postversand_moeglich, max_leihdauer_tage) VALUES (164, 36, 22, 28, 'AKZEPTABEL', 1, 14);
INSERT INTO exemplar (exemplar_id, buch_id, besitzer_id, abholort_id, zustand, postversand_moeglich, max_leihdauer_tage) VALUES (165, 54, 11, 11, 'GUT',        1, 30);
INSERT INTO exemplar (exemplar_id, buch_id, besitzer_id, abholort_id, zustand, postversand_moeglich, max_leihdauer_tage) VALUES (166, 54, 23, 30, 'NEU',        0, 14);
INSERT INTO exemplar (exemplar_id, buch_id, besitzer_id, abholort_id, zustand, postversand_moeglich, max_leihdauer_tage) VALUES (167, 55, 13, 13, 'GUT',        1, 21);
INSERT INTO exemplar (exemplar_id, buch_id, besitzer_id, abholort_id, zustand, postversand_moeglich, max_leihdauer_tage) VALUES (168, 55, 26, 39, 'AKZEPTABEL', 0, 14);
INSERT INTO exemplar (exemplar_id, buch_id, besitzer_id, abholort_id, zustand, postversand_moeglich, max_leihdauer_tage) VALUES (169, 91, 2,  2,  'GUT',        1, 21);
INSERT INTO exemplar (exemplar_id, buch_id, besitzer_id, abholort_id, zustand, postversand_moeglich, max_leihdauer_tage) VALUES (170, 91, 16, 16, 'NEU',        1, 14);
INSERT INTO exemplar (exemplar_id, buch_id, besitzer_id, abholort_id, zustand, postversand_moeglich, max_leihdauer_tage) VALUES (171, 91, 24, 31, 'AKZEPTABEL', 0, 30);
INSERT INTO exemplar (exemplar_id, buch_id, besitzer_id, abholort_id, zustand, postversand_moeglich, max_leihdauer_tage) VALUES (172, 100,9,  9,  'GUT',        1, 14);
INSERT INTO exemplar (exemplar_id, buch_id, besitzer_id, abholort_id, zustand, postversand_moeglich, max_leihdauer_tage) VALUES (173, 100,18, 20, 'GUT',        0, 21);
INSERT INTO exemplar (exemplar_id, buch_id, besitzer_id, abholort_id, zustand, postversand_moeglich, max_leihdauer_tage) VALUES (174, 150,4,  4,  'NEU',        1, 30);
INSERT INTO exemplar (exemplar_id, buch_id, besitzer_id, abholort_id, zustand, postversand_moeglich, max_leihdauer_tage) VALUES (175, 150,21, 26, 'GUT',        1, 14);
INSERT INTO exemplar (exemplar_id, buch_id, besitzer_id, abholort_id, zustand, postversand_moeglich, max_leihdauer_tage) VALUES (176, 150,27, 44, 'AKZEPTABEL', 0, 21);
COMMIT;

-- =============================================================
-- 11. DUPLIKAT_MELDUNGEN
-- =============================================================

INSERT INTO duplikat_meldung (meldung_id, melder_id, buch_id_original, buch_id_duplikat, status, bearbeiter_id, meldedatum, bearbeitungsdatum) VALUES (1000,  3,  12,  47, 'BEARBEITET', 29, DATE '2026-01-08', DATE '2026-01-10');
INSERT INTO duplikat_meldung (meldung_id, melder_id, buch_id_original, buch_id_duplikat, status, bearbeiter_id, meldedatum, bearbeitungsdatum) VALUES (1001,  7,  85, 203, 'ABGELEHNT',  29, DATE '2026-01-15', DATE '2026-01-17');
INSERT INTO duplikat_meldung (meldung_id, melder_id, buch_id_original, buch_id_duplikat, status, bearbeiter_id, meldedatum, bearbeitungsdatum) VALUES (1002, 14,  33, 190, 'OFFEN',     NULL, DATE '2026-02-03', NULL);
INSERT INTO duplikat_meldung (meldung_id, melder_id, buch_id_original, buch_id_duplikat, status, bearbeiter_id, meldedatum, bearbeitungsdatum) VALUES (1003, 22,   5, 278, 'OFFEN',     NULL, DATE '2026-02-11', NULL);
INSERT INTO duplikat_meldung (meldung_id, melder_id, buch_id_original, buch_id_duplikat, status, bearbeiter_id, meldedatum, bearbeitungsdatum) VALUES (1004,  1,  67, 120, 'BEARBEITET', 30, DATE '2026-02-20', DATE '2026-02-22');
INSERT INTO duplikat_meldung (meldung_id, melder_id, buch_id_original, buch_id_duplikat, status, bearbeiter_id, meldedatum, bearbeitungsdatum) VALUES (1005, 18,  99, 145, 'OFFEN',     NULL, DATE '2026-03-05', NULL);
INSERT INTO duplikat_meldung (meldung_id, melder_id, buch_id_original, buch_id_duplikat, status, bearbeiter_id, meldedatum, bearbeitungsdatum) VALUES (1006,  9, 210, 255, 'ABGELEHNT',  29, DATE '2026-03-18', DATE '2026-03-20');
INSERT INTO duplikat_meldung (meldung_id, melder_id, buch_id_original, buch_id_duplikat, status, bearbeiter_id, meldedatum, bearbeitungsdatum) VALUES (1007, 25,  38,  76, 'OFFEN',     NULL, DATE '2026-04-02', NULL);
INSERT INTO duplikat_meldung (meldung_id, melder_id, buch_id_original, buch_id_duplikat, status, bearbeiter_id, meldedatum, bearbeitungsdatum) VALUES (1008,  6, 150, 298, 'BEARBEITET', 30, DATE '2026-04-14', DATE '2026-04-16');
INSERT INTO duplikat_meldung (meldung_id, melder_id, buch_id_original, buch_id_duplikat, status, bearbeiter_id, meldedatum, bearbeitungsdatum) VALUES (1009, 11,  77,  88, 'OFFEN',     NULL, DATE '2026-05-20', NULL);
COMMIT;

-- =============================================================
-- 12. AUSLEIHANFRAGEN
-- =============================================================
INSERT INTO ausleihanfrage (anfrage_id, exemplar_id, leiher_id, verleiher_id, anfragedatum, status, nachricht) VALUES (2000,  5,  3,  1, DATE '2026-01-10', 'BESTAETIGT',  'Hallo, ist das Buch noch verfügbar?');
INSERT INTO ausleihanfrage (anfrage_id, exemplar_id, leiher_id, verleiher_id, anfragedatum, status, nachricht) VALUES (2001, 12,  5,  3, DATE '2026-01-15', 'ABGELEHNT',   'Würde das Buch gerne ausleihen.');
INSERT INTO ausleihanfrage (anfrage_id, exemplar_id, leiher_id, verleiher_id, anfragedatum, status, nachricht) VALUES (2002, 20,  7,  6, DATE '2026-01-22', 'BESTAETIGT',  NULL);
INSERT INTO ausleihanfrage (anfrage_id, exemplar_id, leiher_id, verleiher_id, anfragedatum, status, nachricht) VALUES (2003, 27,  9,  8, DATE '2026-02-01', 'BESTAETIGT',  'Kann ich es auch per Post bekommen?');
INSERT INTO ausleihanfrage (anfrage_id, exemplar_id, leiher_id, verleiher_id, anfragedatum, status, nachricht) VALUES (2004, 35, 12, 11, DATE '2026-02-05', 'ABGELEHNT',   NULL);
INSERT INTO ausleihanfrage (anfrage_id, exemplar_id, leiher_id, verleiher_id, anfragedatum, status, nachricht) VALUES (2005, 41, 14, 13, DATE '2026-02-10', 'BESTAETIGT',  'Sehr gerne!');
INSERT INTO ausleihanfrage (anfrage_id, exemplar_id, leiher_id, verleiher_id, anfragedatum, status, nachricht) VALUES (2006, 47, 17, 15, DATE '2026-02-18', 'BESTAETIGT',  NULL);
INSERT INTO ausleihanfrage (anfrage_id, exemplar_id, leiher_id, verleiher_id, anfragedatum, status, nachricht) VALUES (2007, 60,  1, 19, DATE '2026-03-01', 'STORNIERT',   'Ich brauch es doch nicht mehr.');
INSERT INTO ausleihanfrage (anfrage_id, exemplar_id, leiher_id, verleiher_id, anfragedatum, status, nachricht) VALUES (2008, 69,  4, 22, DATE '2026-03-08', 'BESTAETIGT',  NULL);
INSERT INTO ausleihanfrage (anfrage_id, exemplar_id, leiher_id, verleiher_id, anfragedatum, status, nachricht) VALUES (2009, 72,  6, 23, DATE '2026-03-15', 'OFFEN',       'Wäre das möglich?');
INSERT INTO ausleihanfrage (anfrage_id, exemplar_id, leiher_id, verleiher_id, anfragedatum, status, nachricht) VALUES (2010, 76, 10, 25, DATE '2026-03-20', 'OFFEN',       NULL);
INSERT INTO ausleihanfrage (anfrage_id, exemplar_id, leiher_id, verleiher_id, anfragedatum, status, nachricht) VALUES (2011, 84,  2, 27, DATE '2026-04-02', 'BESTAETIGT',  'Danke im Voraus!');
INSERT INTO ausleihanfrage (anfrage_id, exemplar_id, leiher_id, verleiher_id, anfragedatum, status, nachricht) VALUES (2012, 92, 11,  8, DATE '2026-04-10', 'OFFEN',       NULL);
INSERT INTO ausleihanfrage (anfrage_id, exemplar_id, leiher_id, verleiher_id, anfragedatum, status, nachricht) VALUES (2013,100, 13, 16, DATE '2026-04-18', 'BESTAETIGT',  'Freue mich drauf.');
INSERT INTO ausleihanfrage (anfrage_id, exemplar_id, leiher_id, verleiher_id, anfragedatum, status, nachricht) VALUES (2014,109, 18, 25, DATE '2026-05-05', 'OFFEN',       NULL);
INSERT INTO ausleihanfrage (anfrage_id, exemplar_id, leiher_id, verleiher_id, anfragedatum, status, nachricht) VALUES (2015, 5,  8, 1, DATE '2026-02-15', 'BESTAETIGT', NULL);
INSERT INTO ausleihanfrage (anfrage_id, exemplar_id, leiher_id, verleiher_id, anfragedatum, status, nachricht) VALUES (2016, 5, 12, 1, DATE '2026-04-01', 'BESTAETIGT', NULL);
INSERT INTO ausleihanfrage (anfrage_id, exemplar_id, leiher_id, verleiher_id, anfragedatum, status, nachricht) VALUES (2017, 47, 20, 15, DATE '2026-01-05', 'BESTAETIGT', NULL);
INSERT INTO ausleihanfrage (anfrage_id, exemplar_id, leiher_id, verleiher_id, anfragedatum, status, nachricht) VALUES (2018, 60, 22, 19, DATE '2026-01-08', 'BESTAETIGT', NULL);
COMMIT;

-- =============================================================
-- 13. AUSLEIHEN
-- =============================================================
INSERT INTO ausleihe (ausleihe_id, anfrage_id, ausleihdatum, geplantes_rueckgabedatum, tatsaechliches_rueckgabedatum, zustand_bei_uebergabe, status, abbrechender_benutzer, abbruchgrund) VALUES (3000, 2000, DATE '2026-01-12', DATE '2026-02-12', DATE '2026-02-10', 'GUT',        'ABGESCHLOSSEN', NULL, NULL);
INSERT INTO ausleihe (ausleihe_id, anfrage_id, ausleihdatum, geplantes_rueckgabedatum, tatsaechliches_rueckgabedatum, zustand_bei_uebergabe, status, abbrechender_benutzer, abbruchgrund) VALUES (3001, 2002, DATE '2026-01-24', DATE '2026-02-24', DATE '2026-02-22', 'GUT',        'ABGESCHLOSSEN', NULL, NULL);
INSERT INTO ausleihe (ausleihe_id, anfrage_id, ausleihdatum, geplantes_rueckgabedatum, tatsaechliches_rueckgabedatum, zustand_bei_uebergabe, status, abbrechender_benutzer, abbruchgrund) VALUES (3002, 2003, DATE '2026-02-03', DATE '2026-03-03', DATE '2026-03-06', 'NEU',        'ABGESCHLOSSEN', NULL, NULL);
INSERT INTO ausleihe (ausleihe_id, anfrage_id, ausleihdatum, geplantes_rueckgabedatum, tatsaechliches_rueckgabedatum, zustand_bei_uebergabe, status, abbrechender_benutzer, abbruchgrund) VALUES (3003, 2005, DATE '2026-02-12', DATE '2026-03-12', DATE '2026-03-10', 'AKZEPTABEL', 'ABGESCHLOSSEN', NULL, NULL);
INSERT INTO ausleihe (ausleihe_id, anfrage_id, ausleihdatum, geplantes_rueckgabedatum, tatsaechliches_rueckgabedatum, zustand_bei_uebergabe, status, abbrechender_benutzer, abbruchgrund) VALUES (3004, 2006, DATE '2026-02-20', DATE '2026-03-20', NULL,                'GUT',        'ABGEBROCHEN',   17, 'Buch ging verloren.');
INSERT INTO ausleihe (ausleihe_id, anfrage_id, ausleihdatum, geplantes_rueckgabedatum, tatsaechliches_rueckgabedatum, zustand_bei_uebergabe, status, abbrechender_benutzer, abbruchgrund) VALUES (3005, 2008, DATE '2026-03-10', DATE '2026-04-10', DATE '2026-04-08', 'GUT',        'ABGESCHLOSSEN', NULL, NULL);
INSERT INTO ausleihe (ausleihe_id, anfrage_id, ausleihdatum, geplantes_rueckgabedatum, tatsaechliches_rueckgabedatum, zustand_bei_uebergabe, status, abbrechender_benutzer, abbruchgrund) VALUES (3006, 2011, DATE '2026-04-05', DATE '2026-05-05', DATE '2026-05-03', 'NEU',        'ABGESCHLOSSEN', NULL, NULL);
INSERT INTO ausleihe (ausleihe_id, anfrage_id, ausleihdatum, geplantes_rueckgabedatum, tatsaechliches_rueckgabedatum, zustand_bei_uebergabe, status, abbrechender_benutzer, abbruchgrund) VALUES (3007, 2013, DATE '2026-04-20', DATE '2026-05-20', NULL,                'GUT',        'LAUFEND',       NULL, NULL);
INSERT INTO ausleihe (ausleihe_id, anfrage_id, ausleihdatum, geplantes_rueckgabedatum, tatsaechliches_rueckgabedatum, zustand_bei_uebergabe, status, abbrechender_benutzer, abbruchgrund) VALUES (3008, 2015, DATE '2026-02-17', DATE '2026-03-17', DATE '2026-03-15', 'GUT', 'ABGESCHLOSSEN', NULL, NULL);
INSERT INTO ausleihe (ausleihe_id, anfrage_id, ausleihdatum, geplantes_rueckgabedatum, tatsaechliches_rueckgabedatum, zustand_bei_uebergabe, status, abbrechender_benutzer, abbruchgrund) VALUES (3009, 2016, DATE '2026-04-03', DATE '2026-05-03', DATE '2026-04-28', 'GUT', 'ABGESCHLOSSEN', NULL, NULL);
INSERT INTO ausleihe (ausleihe_id, anfrage_id, ausleihdatum, geplantes_rueckgabedatum, tatsaechliches_rueckgabedatum, zustand_bei_uebergabe, status, abbrechender_benutzer, abbruchgrund) VALUES (3010, 2017, DATE '2026-01-07', DATE '2026-02-07', DATE '2026-02-05', 'GUT', 'ABGESCHLOSSEN', NULL, NULL);
INSERT INTO ausleihe (ausleihe_id, anfrage_id, ausleihdatum, geplantes_rueckgabedatum, tatsaechliches_rueckgabedatum, zustand_bei_uebergabe, status, abbrechender_benutzer, abbruchgrund) VALUES (3011, 2018, DATE '2026-01-10', DATE '2026-02-10', DATE '2026-02-08', 'GUT', 'ABGESCHLOSSEN', NULL, NULL);

COMMIT;

-- =============================================================
-- 14. RUECKGABEN
-- =============================================================
INSERT INTO rueckgabe (rueckgabe_id, ausleihe_id, exemplar_id, rueckgabedatum, zustand_bei_rueckgabe) VALUES (4000, 3000,   5, DATE '2026-02-10', 'GUT');
INSERT INTO rueckgabe (rueckgabe_id, ausleihe_id, exemplar_id, rueckgabedatum, zustand_bei_rueckgabe) VALUES (4001, 3001,  20, DATE '2026-02-22', 'GUT');
INSERT INTO rueckgabe (rueckgabe_id, ausleihe_id, exemplar_id, rueckgabedatum, zustand_bei_rueckgabe) VALUES (4002, 3002,  27, DATE '2026-03-06', 'NEU');
INSERT INTO rueckgabe (rueckgabe_id, ausleihe_id, exemplar_id, rueckgabedatum, zustand_bei_rueckgabe) VALUES (4003, 3003,  41, DATE '2026-03-10', 'AKZEPTABEL');
INSERT INTO rueckgabe (rueckgabe_id, ausleihe_id, exemplar_id, rueckgabedatum, zustand_bei_rueckgabe) VALUES (4004, 3005,  69, DATE '2026-04-08', 'GUT');
INSERT INTO rueckgabe (rueckgabe_id, ausleihe_id, exemplar_id, rueckgabedatum, zustand_bei_rueckgabe) VALUES (4005, 3006,  84, DATE '2026-05-03', 'GUT');
INSERT INTO rueckgabe (rueckgabe_id, ausleihe_id, exemplar_id, rueckgabedatum, zustand_bei_rueckgabe) VALUES (4006, 3008, 5, DATE '2026-03-15', 'GUT');
INSERT INTO rueckgabe (rueckgabe_id, ausleihe_id, exemplar_id, rueckgabedatum, zustand_bei_rueckgabe) VALUES (4007, 3009, 5, DATE '2026-04-28', 'AKZEPTABEL');
INSERT INTO rueckgabe (rueckgabe_id, ausleihe_id, exemplar_id, rueckgabedatum, zustand_bei_rueckgabe) VALUES (4008, 3003, 41, DATE '2026-03-10', 'AKZEPTABEL');
INSERT INTO rueckgabe (rueckgabe_id, ausleihe_id, exemplar_id, rueckgabedatum, zustand_bei_rueckgabe) VALUES (4009, 3004, 47, DATE '2026-03-01', 'GUT');
INSERT INTO rueckgabe (rueckgabe_id, ausleihe_id, exemplar_id, rueckgabedatum, zustand_bei_rueckgabe) VALUES (4010, 3010, 47, DATE '2026-02-05', 'GUT');
INSERT INTO rueckgabe (rueckgabe_id, ausleihe_id, exemplar_id, rueckgabedatum, zustand_bei_rueckgabe) VALUES (4011, 3011, 60, DATE '2026-02-08', 'GUT');

COMMIT;

-- =============================================================
-- 15. ANFRAGE_NACHRICHTEN
-- =============================================================
INSERT INTO anfrage_nachricht (nachricht_id, anfrage_id, sender_id, inhalt, gesendet_am, gelesen) VALUES (5000, 2000,  3, 'Hallo, ist das Buch noch verfügbar?',      DATE '2026-01-10', 1);
INSERT INTO anfrage_nachricht (nachricht_id, anfrage_id, sender_id, inhalt, gesendet_am, gelesen) VALUES (5001, 2000,  1, 'Ja, gerne! Wann passt dir die Übergabe?',  DATE '2026-01-11', 1);
INSERT INTO anfrage_nachricht (nachricht_id, anfrage_id, sender_id, inhalt, gesendet_am, gelesen) VALUES (5002, 2000,  3, 'Am Samstag wäre super.',                   DATE '2026-01-11', 1);
INSERT INTO anfrage_nachricht (nachricht_id, anfrage_id, sender_id, inhalt, gesendet_am, gelesen) VALUES (5003, 2003,  9, 'Kann ich es auch per Post bekommen?',      DATE '2026-02-01', 1);
INSERT INTO anfrage_nachricht (nachricht_id, anfrage_id, sender_id, inhalt, gesendet_am, gelesen) VALUES (5004, 2003,  8, 'Klar, ich schicke es morgen raus.',        DATE '2026-02-02', 1);
INSERT INTO anfrage_nachricht (nachricht_id, anfrage_id, sender_id, inhalt, gesendet_am, gelesen) VALUES (5005, 2009,  6, 'Wäre das möglich?',                        DATE '2026-03-15', 1);
INSERT INTO anfrage_nachricht (nachricht_id, anfrage_id, sender_id, inhalt, gesendet_am, gelesen) VALUES (5006, 2009, 23, 'Ja, melde dich nochmal Anfang April.',     DATE '2026-03-16', 1);
INSERT INTO anfrage_nachricht (nachricht_id, anfrage_id, sender_id, inhalt, gesendet_am, gelesen) VALUES (5007, 2010, 10, 'Ich hätte Interesse.',                     DATE '2026-03-20', 0);
INSERT INTO anfrage_nachricht (nachricht_id, anfrage_id, sender_id, inhalt, gesendet_am, gelesen) VALUES (5008, 2011,  2, 'Danke im Voraus!',                         DATE '2026-04-02', 1);
INSERT INTO anfrage_nachricht (nachricht_id, anfrage_id, sender_id, inhalt, gesendet_am, gelesen) VALUES (5009, 2011, 27, 'Sehr gerne, bis bald!',                    DATE '2026-04-03', 1);
INSERT INTO anfrage_nachricht (nachricht_id, anfrage_id, sender_id, inhalt, gesendet_am, gelesen) VALUES (5010, 2012, 11, 'Ist das Buch in gutem Zustand?',           DATE '2026-04-10', 1);
INSERT INTO anfrage_nachricht (nachricht_id, anfrage_id, sender_id, inhalt, gesendet_am, gelesen) VALUES (5011, 2012,  8, 'Ja, kaum benutzt.',                        DATE '2026-04-10', 0);
INSERT INTO anfrage_nachricht (nachricht_id, anfrage_id, sender_id, inhalt, gesendet_am, gelesen) VALUES (5012, 2013, 13, 'Freue mich drauf.',                        DATE '2026-04-18', 1);
INSERT INTO anfrage_nachricht (nachricht_id, anfrage_id, sender_id, inhalt, gesendet_am, gelesen) VALUES (5013, 2014, 18, 'Wann wäre eine Übergabe möglich?',         DATE '2026-05-05', 0);
INSERT INTO anfrage_nachricht (nachricht_id, anfrage_id, sender_id, inhalt, gesendet_am, gelesen) VALUES (5014, 2014, 25, 'Am Wochenende hätte ich Zeit.',            DATE '2026-05-06', 0);
COMMIT;

-- =============================================================
-- 16. BEWERTUNGEN
-- =============================================================
INSERT INTO bewertung (bewertung_id, ausleihe_id, bewerter_id, bewerteter_nutzer_id, buch_id, sterne, kommentar, datum) VALUES (6000, 3000,  3, NULL,  5, 5, 'Tolles Buch, sehr empfehlenswert.',          DATE '2026-02-11');
INSERT INTO bewertung (bewertung_id, ausleihe_id, bewerter_id, bewerteter_nutzer_id, buch_id, sterne, kommentar, datum) VALUES (6001, 3000,  3,    1, NULL, 5, 'Sehr unkomplizierte Übergabe.',              DATE '2026-02-11');
INSERT INTO bewertung (bewertung_id, ausleihe_id, bewerter_id, bewerteter_nutzer_id, buch_id, sterne, kommentar, datum) VALUES (6002, 3001,  7, NULL, 20, 4, 'Gutes Buch, etwas langatmig.',               DATE '2026-02-23');
INSERT INTO bewertung (bewertung_id, ausleihe_id, bewerter_id, bewerteter_nutzer_id, buch_id, sterne, kommentar, datum) VALUES (6003, 3001,  7,    6, NULL, 4, 'Pünktliche Rückgabe, alles prima.',          DATE '2026-02-23');
INSERT INTO bewertung (bewertung_id, ausleihe_id, bewerter_id, bewerteter_nutzer_id, buch_id, sterne, kommentar, datum) VALUES (6004, 3002,  9, NULL, 27, 3, 'Interessant, aber nicht mein Genre.',        DATE '2026-03-07');
INSERT INTO bewertung (bewertung_id, ausleihe_id, bewerter_id, bewerteter_nutzer_id, buch_id, sterne, kommentar, datum) VALUES (6005, 3002,  8,    9, NULL, 5, 'Buch kam in einwandfreiem Zustand zurück.', DATE '2026-03-07');
INSERT INTO bewertung (bewertung_id, ausleihe_id, bewerter_id, bewerteter_nutzer_id, buch_id, sterne, kommentar, datum) VALUES (6006, 3003, 14, NULL, 41, 4, 'Spannend, gut erhalten.',                    DATE '2026-03-11');
INSERT INTO bewertung (bewertung_id, ausleihe_id, bewerter_id, bewerteter_nutzer_id, buch_id, sterne, kommentar, datum) VALUES (6007, 3003, 13,   14, NULL, 3, 'Rückgabe etwas verspätet.',                  DATE '2026-03-11');
INSERT INTO bewertung (bewertung_id, ausleihe_id, bewerter_id, bewerteter_nutzer_id, buch_id, sterne, kommentar, datum) VALUES (6008, 3005,  4, NULL, 69, 5, 'Absolut lesenswert.',                        DATE '2026-04-09');
INSERT INTO bewertung (bewertung_id, ausleihe_id, bewerter_id, bewerteter_nutzer_id, buch_id, sterne, kommentar, datum) VALUES (6009, 3006,  2, NULL, 84, 4, 'Gut geschrieben, gerne wieder.',             DATE '2026-05-04');
INSERT INTO bewertung (bewertung_id, ausleihe_id, bewerter_id, bewerteter_nutzer_id, buch_id, sterne, kommentar, datum) VALUES (6010, 3008,  8, NULL, 5, 4, 'Gutes Buch, etwas abgenutzt.',     DATE '2026-03-16');
INSERT INTO bewertung (bewertung_id, ausleihe_id, bewerter_id, bewerteter_nutzer_id, buch_id, sterne, kommentar, datum) VALUES (6011, 3009, 12, NULL, 5, 3, 'Inhalt ok, Cover hat gelitten.',   DATE '2026-04-29');
COMMIT;